日経平均,,,,,TOPIX,,,,CPI,東京市場　ドル・円　スポット　17時時点/月末,貸出約定平均金利（月次）,企業物価指数（月次）,,,,,,,,,,,,
日付,始値,高値,安値,終値,始値,高値,安値,終値,指数（2020年＝100）,1ドルにつき円,新規/総合/国内銀行,[国内企業物価指数] 総平均（前年比）,,,,,,,,,,,,
2026年1月,"51,010.28","54,487.32","50,995.67","53,322.85","3,448.77","3,674.71","3,448.77","3,566.32",112.9 ,153.8,1.404,2.3,,2026年1月,,,,,,,,,,
2025年12月,"50,318.59","51,127.69","48,643.78","50,339.48","3,380.02","3,436.75","3,327.02","3,408.97",113.0 ,155.98,1.139,2.4,,2025年12月,,,,,,,,,,
2025年11月,"52,294.31","52,636.87","48,235.30","50,253.91","3,327.11","3,389.12","3,200.08","3,378.44",113.2 ,156.32,1.272,2.7,,2025年11月,,,,,,,,,,
2025年10月,"44,831.95","52,411.34","44,357.65","52,411.34","3,122.68","3,348.06","3,072.20","3,331.83",112.8 ,154.31,1.415,2.7,,2025年10月,,,,,,,,,,
2025年9月,"42,362.71","45,852.75","41,835.17","44,932.63","3,060.99","3,205.63","3,042.59","3,137.60",112.0 ,148.07,1.149,2.8,,2025年9月,,,,,,,,,,
2025年8月,"41,029.84","43,876.42","39,850.52","42,718.47","2,944.45","3,130.46","2,886.00","3,075.18",112.1 ,147.01,1.28,2.6,,2025年8月,,,,,,,,,,
2025年7月,"40,340.64","42,065.83","39,288.90","41,069.82","2,848.88","2,986.63","2,801.71","2,943.07",111.9 ,149.39,1.201,2.5,,2025年7月,,,,,,,,,,
2025年6月,"37,651.18","40,852.54","37,320.72","40,487.39","2,783.94","2,869.07","2,743.64","2,852.84",111.7 ,144.13,1.089,2.8,,2025年6月,,,,,,,,,,
2025年5月,"36,197.04","38,494.06","36,040.05","37,965.10","2,670.39","2,814.70","2,659.05","2,801.57",111.8 ,144.04,1.195,3.1,,2025年5月,,,,,,,,,,
2025年4月,"35,961.19","36,075.26","30,792.74","36,045.38","2,689.77","2,697.33","2,243.21","2,667.29",111.5 ,142.81,1.262,3.9,,2025年4月,,,,,,,,,,
2025年3月,"37,617.50","38,220.69","35,541.72","35,617.56","2,711.03","2,821.90","2,620.35","2,658.73",111.1 ,149.14,1.022,4.3,,2025年3月,,,,,,,,,,
2025年2月,"38,932.66","39,581.47","36,840.12","37,155.50","2,748.62","2,789.29","2,668.74","2,682.09",110.8 ,150.44,1.047,4.3,,2025年2月,,,,,,,,,,
2025年1月,"39,945.42","40,288.80","38,055.68","39,572.49","2,792.10","2,796.99","2,650.07","2,788.66",111.2 ,154.66,1.132,4.2,,2025年1月,,,,,,,,,,
2024年12月,"38,216.95","40,398.23","37,958.55","39,894.54","2,687.65","2,811.71","2,681.21","2,784.92",110.7 ,157.89,0.868,4.1,,2024年12月,,,,,,,,,,
2024年11月,"38,504.35","39,884.01","37,801.62","38,208.03","2,659.92","2,770.16","2,638.30","2,680.71",110.0 ,149.99,0.887,3.9,,2024年11月,,,,,,,,,,
2024年10月,"38,232.47","40,257.34","37,651.07","39,081.25","2,661.65","2,752.04","2,605.71","2,695.51",109.5 ,152.25,0.951,3.8,,2024年10月,,,,,,,,,,
2024年9月,39025.31,39829.56,35247.87,37919.55,2734.04,2743.75,2508.2,2645.94,108.9 ,142.38,0.669,3.2,,2024年9月,,,,,,,,,,
2024年8月,38781.56,38781.56,31156.12,38647.75,2767.44,2768.22,2206.73,2712.63,109.1 ,144.94,0.794,2.7,,2024年8月,,,,,,,,,,
2024年7月,"39,839.82","42,426.77","37,611.19","39,101.82","2,831.63","2,946.60","2,695.45","2,794.26",108.6 ,150.91,0.88,3.3,,2024年7月,,,,,,,,,,
2024年6月,"38,734.95","39,788.63","37,950.20","39,583.08","2,791.68","2,821.86","2,692.52","2,809.63",108.2 ,160.93,0.573,2.8,,2024年6月,,,,,,,,,,
2024年5月,"38,107.38","39,437.16","37,617.00","38,487.90","2,727.92","2,785.68","2,696.05","2,772.49",108.1 ,157.15,0.83,2.6,,2024年5月,,,,,,,,,,
2024年4月,"40,646.70","40,697.22","36,733.06","38,405.66","2,782.19","2,784.30","2,598.45","2,743.17",107.7 ,156.86,0.844,1.2,,2024年4月,,,,,,,,,,
2024年3月,"39,254.69","41,087.75","38,271.38","40,369.44","2,676.97","2,820.45","2,617.90","2,768.62",107.2 ,151.34,0.683,1,,2024年3月,,,,,,,,,,
2024年2月,"36,008.56","39,426.29","35,854.63","39,166.19","2,533.10","2,692.30","2,527.17","2,675.73",106.9 ,149.68,0.696,0.8,,2024年2月,,,,,,,,,,
2024年1月,"33,193.05","36,984.51","32,693.18","36,286.71","2,359.28","2,565.89","2,335.58","2,551.10",106.9 ,147.66,0.72,0.3,,2024年1月,,,,,,,,,,
2023年12月,"33,537.44","33,824.06","32,205.38","33,464.17","2,385.23","2,389.36","2,295.51","2,366.39",106.8 ,141.4,0.564,0.3,,2023年12月,,,,,,,,,,
2023年11月,"31,311.22","33,853.46","31,301.51","33,486.89","2,285.84","2,404.99","2,284.32","2,374.93",106.9 ,147.06,0.703,0.6,,2023年11月,,,,,,,,,,
2023年10月,"32,101.97","32,533.08","30,487.67","30,858.85","2,338.51","2,355.98","2,196.95","2,253.72",107.1 ,150.29,0.883,1.2,,2023年10月,,,,,,,,,,
2023年9月,"32,521.15","33,634.31","31,674.42","31,857.62","2,328.60","2,438.02","2,315.83","2,323.39",106.2 ,148.77,0.601,2.4,,2023年9月,,,,,,,,,,
2023年8月,"33,292.31","33,488.77","31,275.25","32,619.34","2,327.00","2,337.91","2,227.62","2,332.00",105.9 ,145.91,0.635,3.5,,2023年8月,,,,,,,,,,
2023年7月,"33,517.60","33,762.81","31,791.71","33,172.22","2,307.59","2,330.12","2,215.76","2,322.56",105.7 ,142.18,0.695,3.7,,2023年7月,,,,,,,,,,
2023年6月,"30,886.01","33,772.89","30,853.44","33,189.04","2,130.77","2,312.07","2,127.83","2,288.60",105.2 ,144.85,0.579,4.5,,2023年6月,,,,,,,,,,
2023年5月,"29,058.05","31,560.43","28,931.81","30,887.88","2,070.37","2,188.66","2,068.04","2,130.63",105.1 ,139.75,0.69,5.4,,2023年5月,,,,,,,,,,
2023年4月,"28,203.35","28,879.24","27,427.66","28,856.44","2,015.05","2,057.48","1,958.82","2,057.48",105.1 ,135.73,0.714,6.1,,2023年4月,,,,,,,,,,
2023年3月,"27,363.57","28,734.79","26,632.92","28,041.48","1,989.38","2,071.60","1,910.60","2,003.50",104.4 ,133.13,0.625,7.4,,2023年3月,,,,,,,,,,
2023年2月,"27,483.41","27,821.22","27,046.08","27,445.56","1,984.12","2,003.46","1,960.72","1,993.28",104.0 ,136.76,0.704,8.4,,2023年2月,,,,,,,,,,
2023年1月,"25,834.93","27,502.15","25,661.89","27,327.11","1,879.19","1,991.14","1,862.27","1,975.27",104.7 ,130.15,0.745,9.6,,2023年1月,,,,,,,,,,
2022年12月,"28,273.13","28,423.46","25,953.92","26,094.50","1,996.72","2,001.06","1,880.88","1,891.71",104.1 ,132.14,0.557,10.6,,2022年12月,,,,,,,,,,
2022年11月,"27,614.64","28,502.29","27,032.02","27,968.99","1,934.45","2,023.39","1,907.61","1,985.57",103.9 ,138.53,0.628,10,,2022年11月,,,,,,,,,,
2022年10月,"25,778.95","27,602.99","25,621.96","27,587.46","1,827.32","1,930.47","1,815.30","1,929.43",103.7 ,148.01,0.672,9.7,,2022年10月,,,,,,,,,,
2022年9月,"27,797.00","28,659.76","25,805.59","25,937.21","1,945.70","1,987.55","1,830.55","1,835.94",103.1 ,144.32,0.574,10.4,,2022年9月,,,,,,,,,,
2022年8月,"27,813.82","29,222.77","27,530.60","28,091.53","1,943.06","2,006.99","1,923.52","1,963.16",102.7 ,138.6,0.599,9.8,,2022年8月,,,,,,,,,,
2022年7月,"26,460.71","28,015.68","25,841.75","27,801.64","1,875.59","1,958.64","1,836.73","1,940.31",102.3 ,132.78,0.718,9.5,,2022年7月,,,,,,,,,,
2022年6月,"27,295.63","28,389.75","25,520.23","26,393.04","1,916.90","1,978.39","1,808.77","1,870.82",101.8 ,136.2,0.522,9.8,,2022年6月,,,,,,,,,,
2022年5月,"26,851.10","27,463.33","25,688.11","27,279.80","1,899.92","1,926.18","1,826.51","1,912.67",101.8 ,127.76,0.562,9.6,,2022年5月,,,,,,,,,,
2022年4月,"27,624.11","27,965.94","26,051.04","26,847.90","1,933.04","1,967.68","1,842.78","1,899.62",101.5 ,130.6,0.659,10.2,,2022年4月,,,,,,,,,,
2022年3月,"26,836.74","28,338.81","24,681.74","27,821.43","1,903.34","1,994.32","1,755.14","1,946.40",101.1 ,121.64,0.527,9.5,,2022年3月,,,,,,,,,,
2022年2月,"27,167.14","27,880.70","25,775.64","26,526.82","1,907.08","1,969.73","1,843.38","1,886.93",100.7 ,115.5,0.69,9.5,,2022年2月,,,,,,,,,,
2022年1月,"29,098.41","29,388.16","26,044.52","27,001.98","2,015.61","2,042.00","1,835.26","1,895.93",100.3 ,115.43,0.655,9.2,,2022年1月,,,,,,,,,,
2021年12月,"27,866.73","29,121.01","27,588.61","28,791.71","1,930.88","2,014.43","1,914.93","1,992.33",100.1 ,115.12,0.584,8.6,,2021年12月,,,,,,,,,,
2021年11月,"29,330.68","29,960.93","27,819.14","27,821.76","2,027.27","2,062.81","1,928.35","1,928.35",100.1 ,113.19,0.618,9.1,,2021年11月,,,,,,,,,,
2021年10月,"29,235.11","29,489.11","27,293.62","28,892.69","2,010.40","2,041.71","1,927.66","2,001.18",99.9 ,113.61,0.658,8.2,,2021年10月,,,,,,,,,,
2021年9月,"28,179.04","30,795.78","28,179.04","29,452.66","1,965.74","2,120.18","1,965.54","2,030.16",100.1 ,111.88,0.585,6.2,,2021年9月,,,,,,,,,,
2021年8月,"27,493.32","28,279.80","26,954.81","28,089.54","1,917.65","1,970.38","1,877.38","1,960.70",99.7 ,109.82,0.57,5.7,,2021年8月,,,,,,,,,,
2021年7月,"28,832.41","28,852.31","27,272.49","27,283.59","1,949.20","1,973.35","1,881.01","1,901.08",99.7 ,109.53,0.635,5.6,,2021年7月,,,,,,,,,,
2021年6月,"28,998.65","29,480.85","27,795.86","28,791.53","1,930.74","1,983.13","1,890.15","1,943.57",99.5 ,110.55,0.465,5,,2021年6月,,,,,,,,,,
2021年5月,"29,024.01","29,685.41","27,385.03","28,860.08","1,919.10","1,955.51","1,845.72","1,922.98",99.4 ,109.72,0.608,5,,2021年5月,,,,,,,,,,
2021年4月,"29,441.91","30,208.89","28,419.84","28,812.63","1,971.78","1,989.09","1,879.68","1,898.24",99.1 ,108.89,0.644,3.8,,2021年4月,,,,,,,,,,
2021年3月,"29,419.45","30,485.00","28,308.57","29,178.80","1,888.61","2,013.71","1,859.88","1,954.00",99.9 ,110.74,0.645,1,,2021年3月,,,,,,,,,,
2021年2月,"27,649.07","30,714.52","27,649.07","28,966.01","1,806.63","1,974.99","1,806.63","1,864.49",99.8 ,106.09,0.536,-0.9,,2021年2月,,,,,,,,,,
2021年1月,"27,575.57","28,979.53","27,002.18","27,663.39","1,810.45","1,885.93","1,776.60","1,808.78",99.8 ,104.55,0.658,-1.8,,2021年1月,,,,,,,,,,
2020年12月,"26,624.20","27,602.52","26,327.08","27,444.17","1,765.55","1,819.46","1,751.63","1,804.68",99.3 ,103.33,0.494,-2.1,,2020年12月,,,,,,,,,,
2020年11月,"23,110.74","26,834.20","23,096.79","26,433.62","1,592.16","1,792.97","1,591.49","1,754.92",99.5 ,104.03,0.761,-2.4,,2020年11月,,,,,,,,,,
2020年10月,"23,185.12","23,725.58","22,948.47","22,977.13","1,625.49","1,660.49","1,577.45","1,579.33",99.8 ,104.36,0.785,-2.2,,2020年10月,,,,,,,,,,
2020年9月,"23,089.63","23,622.74","22,878.71","23,185.12","1,613.64","1,665.90","1,593.89","1,625.49",99.9 ,105.62,0.68,-0.8,,2020年9月,,,,,,,,,,
2020年8月,"21,947.58","23,431.04","21,919.83","23,139.76","1,510.23","1,636.57","1,508.13","1,618.18",100.1 ,105.83,0.748,-0.6,,2020年8月,,,,,,,,,,
2020年7月,"22,338.30","22,965.56","21,710.00","21,710.00","1,562.30","1,590.62","1,496.06","1,496.06",100.0 ,104.45,0.689,-0.9,,2020年7月,,,,,,,,,,
2020年6月,"21,910.89","23,185.85","21,529.83","22,288.14","1,563.81","1,633.40","1,530.78","1,558.77",99.9 ,107.73,0.469,-1.6,,2020年6月,,,,,,,,,,
2020年5月,"19,991.97","21,955.44","19,448.93","21,877.89","1,452.46","1,578.50","1,418.88","1,563.67",100.1 ,107.21,0.544,-2.7,,2020年5月,,,,,,,,,,
2020年4月,"18,686.12","20,365.89","17,646.50","20,193.69","1,388.66","1,478.84","1,314.11","1,464.03",100.2 ,106.6,0.671,-2.4,,2020年4月,,,,,,,,,,
2020年3月,"20,849.79","21,719.78","16,358.19","18,917.01","1,488.96","1,551.99","1,199.25","1,403.04",100.3 ,108.42,0.639,-0.4,,2020年3月,,,,,,,,,,
2020年2月,"22,874.27","23,995.37","20,916.40","21,142.96","1,660.66","1,744.43","1,500.87","1,510.87",100.3 ,108.84,0.599,0.7,,2020年2月,,,,,,,,,,
2020年1月,"23,319.76","24,115.95","22,892.95","23,205.18","1,699.60","1,745.95","1,667.30","1,684.44",100.5 ,109.04,0.71,1.5,,2020年1月,,,,,,,,,,
2019年12月,"23,388.63","24,091.12","23,044.78","23,656.62","1,705.99","1,747.20","1,691.15","1,721.36",100.5 ,109.15,0.567,0.9,,2019年12月,,,,,,,,,,
2019年11月,"22,730.49","23,608.06","22,705.60","23,293.91","1,653.80","1,719.57","1,653.72","1,699.36",100.5 ,109.5,0.685,0.1,,2019年11月,,,,,,,,,,
2019年10月,"21,831.44","23,008.43","21,276.01","22,927.04","1,595.35","1,669.91","1,560.83","1,667.01",100.4 ,108.61,0.665,-0.4,,2019年10月,,,,,,,,,,
2019年9月,"20,625.75","22,255.56","20,554.16","21,755.84","1,506.12","1,635.88","1,501.11","1,587.80",100.1 ,107.86,0.658,-1.1,,2019年9月,,,,,,,,,,
2019年8月,"21,361.58","21,556.69","20,110.76","20,704.37","1,556.12","1,568.41","1,462.41","1,511.86",100.0 ,106.52,0.727,-0.9,,2019年8月,,,,,,,,,,
2019年7月,"21,566.27","21,823.07","20,993.44","21,521.53","1,573.09","1,593.50","1,531.31","1,565.14",99.8 ,108.56,0.753,-0.7,,2019年7月,,,,,,,,,,
2019年6月,"20,327.87","21,497.82","20,289.64","21,275.92","1,491.54","1,563.45","1,490.28","1,551.14",99.8 ,107.64,0.576,-0.2,,2019年6月,,,,,,,,,,
2019年5月,"22,184.40","22,190.49","20,581.58","20,601.19","1,616.84","1,617.26","1,508.85","1,512.28",100.0 ,108.78,0.706,0.6,,2019年5月,,,,,,,,,,
2019年4月,"21,500.89","22,362.92","21,471.12","22,258.73","1,612.13","1,633.96","1,600.49","1,617.93",100.0 ,111.68,0.626,1.3,,2019年4月,,,,,,,,,,
2019年3月,"21,490.02","21,860.39","20,911.57","21,205.81","1,612.47","1,629.88","1,570.39","1,591.64",99.7 ,110.75,0.637,1.3,,2019年3月,,,,,,,,,,
2019年2月,"20,797.03","21,610.88","20,315.31","21,385.16","1,565.63","1,624.42","1,536.65","1,607.66",99.7 ,110.76,0.637,0.9,,2019年2月,,,,,,,,,,
2019年1月,"19,655.13","20,892.68","19,241.37","20,773.49","1,468.42","1,574.86","1,446.48","1,567.49",99.7 ,108.73,0.729,0.5,,2019年1月,,,,,,,,,,
2018年12月,"22,629.39","22,698.79","18,948.58","20,014.77","1,687.77","1,696.14","1,408.89","1,494.09",99.7 ,110.4,0.658,1.4,,2018年12月,,,,,,,,,,
2018年11月,"21,906.41","22,583.43","21,243.38","22,351.06","1,647.10","1,687.68","1,598.54","1,667.45",100.0 ,113.47,0.745,2.2,,2018年11月,,,,,,,,,,
2018年10月,"24,173.37","24,448.07","20,971.93","21,920.46","1,814.05","1,838.30","1,581.56","1,646.12",100.2 ,113.2,0.685,3,,2018年10月,,,,,,,,,,
2018年9月,"22,819.17","24,286.10","22,172.90","24,120.04","1,730.77","1,828.23","1,673.92","1,817.25",99.9 ,113.44,0.741,3,,2018年9月,,,,,,,,,,
2018年8月,"22,642.18","23,032.17","21,851.32","22,865.15","1,762.92","1,774.34","1,667.95","1,735.35",99.8 ,110.81,0.732,3.1,,2018年8月,,,,,,,,,,
2018年7月,"22,233.80","22,949.32","21,462.95","22,553.72","1,725.55","1,775.76","1,671.95","1,753.29",99.2 ,111.4,0.767,3.1,,2018年7月,,,,,,,,,,
2018年6月,"22,126.25","23,011.57","22,038.40","22,304.51","1,742.65","1,802.94","1,711.75","1,730.89",99.2 ,110.64,0.61,2.9,,2018年6月,,,,,,,,,,
2018年5月,"22,453.42","23,050.39","21,931.65","22,201.82","1,774.36","1,819.74","1,731.28","1,747.45",99.3 ,108.77,0.673,2.7,,2018年5月,,,,,,,,,,
2018年4月,"21,441.57","22,495.56","21,056.02","22,467.87","1,716.32","1,780.38","1,687.00","1,777.23",99.1 ,109.4,0.635,2.2,,2018年4月,,,,,,,,,,
2018年3月,"21,901.13","21,971.16","20,347.49","21,454.30","1,754.43","1,754.53","1,645.16","1,716.30",99.2 ,106.19,0.6,2,,2018年3月,,,,,,,,,,
2018年2月,"23,276.10","23,492.77","20,950.15","22,068.24","1,849.53","1,870.94","1,691.65","1,768.24",99.5 ,107.08,0.692,2.5,,2018年2月,,,,,,,,,,
2018年1月,"23,073.73","24,129.34","23,065.20","23,098.29","1,841.20","1,911.31","1,836.68","1,836.71",99.5 ,108.7,0.725,2.7,,2018年1月,,,,,,,,,,
2017年12月,"22,916.93","22,994.33","22,119.21","22,764.94","1,804.80","1,833.28","1,761.18","1,817.56",99.4 ,112.65,0.751,3,,2017年12月,,,,,,,,,,
2017年11月,"22,144.92","23,382.15","21,972.34","22,724.96","1,775.99","1,844.05","1,737.72","1,792.08",99.1 ,112.29,0.756,3.5,,2017年11月,,,,,,,,,,
2017年10月,"20,400.51","22,086.88","20,363.28","22,011.61","1,677.77","1,772.59","1,671.05","1,765.96",98.8 ,113.09,0.716,3.5,,2017年10月,,,,,,,,,,
2017年9月,"19,733.57","20,481.27","19,239.52","20,356.28","1,624.37","1,679.83","1,578.66","1,674.75",98.8 ,112.46,0.663,3,,2017年9月,,,,,,,,,,
2017年8月,"19,907.08","20,113.73","19,280.02","19,646.24","1,619.13","1,642.34","1,589.05","1,617.41",98.5 ,110.49,0.728,2.8,,2017年8月,,,,,,,,,,
2017年7月,"20,056.32","20,200.88","19,856.65","19,925.18","1,613.65","1,636.53","1,602.47","1,618.61",98.3 ,110.63,0.705,2.5,,2017年7月,,,,,,,,,,
2017年6月,"19,692.16","20,318.11","19,686.32","20,033.43","1,570.47","1,627.54","1,570.24","1,611.90",98.5 ,112.06,0.642,2.2,,2017年6月,,,,,,,,,,
2017年5月,"19,154.03","19,998.49","19,144.62","19,650.57","1,531.45","1,590.70","1,530.31","1,568.37",98.6 ,110.96,0.719,2.1,,2017年5月,,,,,,,,,,
2017年4月,"18,988.00","19,289.43","18,224.68","19,196.74","1,518.90","1,538.89","1,452.15","1,531.80",98.5 ,111.29,0.716,2.1,,2017年4月,,,,,,,,,,
2017年3月,"19,226.94","19,668.01","18,909.26","18,909.26","1,543.11","1,578.51","1,512.60","1,512.60",98.1 ,111.8,0.662,1.4,,2017年3月,,,,,,,,,,
2017年2月,"18,926.97","19,519.44","18,805.32","19,118.99","1,511.26","1,559.51","1,507.08","1,535.32",98.1 ,112.31,0.752,1,,2017年2月,,,,,,,,,,
2017年1月,"19,298.68","19,615.40","18,650.33","19,041.34","1,533.04","1,558.45","1,495.03","1,521.67",98.2 ,113.53,0.7,0.5,,2017年1月,,,,,,,,,,
2016年12月,"18,535.24","19,592.90","18,227.39","19,114.37","1,486.08","1,558.75","1,462.07","1,518.61",98.4 ,117.11,0.731,-1.2,,2016年12月,,,,,,,,,,
2016年11月,"17,380.54","18,482.94","16,111.81","18,308.48","1,391.97","1,473.02","1,287.39","1,469.43",98.6 ,112.73,0.779,-2.3,,2016年11月,,,,,,,,,,
2016年10月,"16,566.03","17,461.03","16,554.83","17,425.02","1,332.14","1,393.44","1,329.06","1,393.02",98.6 ,104.92,0.761,-2.7,,2016年10月,,,,,,,,,,
2016年9月,"16,885.16","17,156.36","16,285.41","16,449.84","1,330.77","1,357.41","1,296.39","1,322.78",98.0 ,100.9,0.703,-3.3,,2016年9月,,,,,,,,,,
2016年8月,"16,415.31","16,943.67","15,921.04","16,887.40","1,308.30","1,331.00","1,262.86","1,329.54",97.9 ,103.28,0.736,-3.8,,2016年8月,,,,,,,,,,
2016年7月,"15,698.02","16,938.96","15,106.52","16,569.27","1,254.87","1,347.24","1,209.88","1,322.74",97.9 ,103.63,0.751,-4.2,,2016年7月,,,,,,,,,,
2016年6月,"17,097.22","17,145.95","14,864.01","15,575.92","1,369.96","1,374.37","1,192.80","1,245.82",98.1 ,102.7,0.678,-4.5,,2016年6月,,,,,,,,,,
2016年5月,"16,357.10","17,251.36","15,975.47","17,234.98","1,316.57","1,380.88","1,289.01","1,379.80",98.2 ,111.14,0.747,-4.6,,2016年5月,,,,,,,,,,
2016年4月,"16,719.56","17,613.56","15,471.80","16,666.05","1,343.24","1,412.98","1,250.77","1,340.55",98.1 ,108.4,0.69,-4.4,,2016年4月,,,,,,,,,,
2016年3月,"16,013.00","17,291.35","15,857.37","16,758.67","1,295.16","1,384.35","1,284.50","1,347.20",97.9 ,112.43,0.793,-4,,2016年3月,,,,,,,,,,
2016年2月,"17,699.60","17,905.37","14,865.77","16,026.76","1,448.04","1,463.79","1,193.85","1,297.85",97.8 ,112.99,0.806,-3.7,,2016年2月,,,,,,,,,,
2016年1月,"18,818.58","18,951.12","16,017.26","17,518.30","1,532.53","1,544.73","1,301.49","1,432.07",97.7 ,120.63,0.927,-3.4,,2016年1月,,,,,,,,,,
2015年12月,"19,799.08","20,012.40","18,562.51","19,033.71","1,585.52","1,607.27","1,502.55","1,547.30",98.1 ,120.42,0.924,-3.6,,2015年12月,,,,,,,,,,
2015年11月,"18,827.11","19,994.05","18,641.22","19,747.47","1,539.44","1,609.76","1,523.34","1,580.25",98.1 ,122.83,0.817,-3.7,,2015年11月,,,,,,,,,,
2015年10月,"17,479.97","19,202.34","17,389.57","19,083.10","1,422.36","1,570.06","1,414.20","1,558.20",98.5 ,120.74,0.869,-3.8,,2015年10月,,,,,,,,,,
2015年9月,"18,763.72","18,777.47","16,901.49","17,388.15","1,526.67","1,528.57","1,371.44","1,411.16",98.5 ,120.03,0.804,-4,,2015年9月,,,,,,,,,,
2015年8月,"20,540.21","20,946.93","17,714.30","18,890.48","1,659.68","1,702.83","1,410.94","1,537.05",98.4 ,121.19,0.915,-3.8,,2015年8月,,,,,,,,,,
2015年7月,"20,291.05","20,850.00","19,115.20","20,585.24","1,635.06","1,674.27","1,526.09","1,659.52",98.3 ,124.22,0.929,-3.2,,2015年7月,,,,,,,,,,
2015年6月,"20,444.54","20,952.71","19,990.55","20,235.73","1,662.55","1,686.61","1,616.66","1,630.40",98.4 ,122.25,0.801,-2.4,,2015年6月,,,,,,,,,,
2015年5月,"19,510.85","20,655.33","19,257.85","20,563.15","1,587.07","1,680.39","1,571.43","1,673.65",98.7 ,123.75,0.863,-2.2,,2015年5月,,,,,,,,,,
2015年4月,"19,129.75","20,252.12","18,927.95","19,520.01","1,536.70","1,633.81","1,519.41","1,592.79",98.4 ,118.91,0.862,-2.1,,2015年4月,,,,,,,,,,
2015年3月,"18,869.40","19,778.60","18,577.06","19,206.99","1,528.77","1,594.71","1,504.45","1,543.11",97.9 ,120.21,0.805,0.7,,2015年3月,,,,,,,,,,
2015年2月,"17,536.61","18,865.39","17,271.87","18,797.94","1,402.52","1,529.20","1,387.38","1,523.85",97.6 ,119.29,0.917,0.4,,2015年2月,,,,,,,,,,
2015年1月,"17,325.68","17,850.59","16,592.57","17,674.39","1,400.87","1,433.35","1,343.29","1,415.07",97.8 ,117.9,0.936,0.3,,2015年1月,,,,,,,,,,
2014年12月,"17,475.10","18,030.83","16,672.94","17,450.77","1,413.60","1,454.22","1,346.37","1,407.51",97.9 ,119.8,0.932,1.8,,2014年12月,,,,,,,,,,
2014年11月,"16,732.85","17,520.54","16,713.37","17,459.85","1,358.97","1,413.27","1,353.42","1,410.34",97.9 ,118.22,0.887,2.6,,2014年11月,,,,,,,,,,
2014年10月,"16,173.39","16,533.91","14,529.03","16,413.76","1,325.55","1,338.35","1,177.22","1,333.64",98.2 ,111.23,0.951,2.8,,2014年10月,,,,,,,,,,
2014年9月,"15,454.59","16,374.14","15,440.99","16,173.52","1,280.54","1,346.43","1,279.52","1,326.29",98.5 ,109.42,0.808,3.6,,2014年9月,,,,,,,,,,
2014年8月,"15,511.54","15,628.78","14,753.84","15,424.59","1,279.09","1,296.02","1,224.85","1,277.97",98.3 ,103.83,0.997,4,,2014年8月,,,,,,,,,,
2014年7月,"15,179.64","15,759.66","15,101.49","15,620.77","1,265.32","1,300.53","1,247.66","1,289.42",98.1 ,102.87,0.99,4.4,,2014年7月,,,,,,,,,,
2014年6月,"14,777.51","15,442.67","14,777.51","15,162.10","1,210.82","1,273.80","1,210.82","1,262.56",98.0 ,101.39,0.82,4.5,,2014年6月,,,,,,,,,,
2014年5月,"14,341.09","14,744.16","13,964.43","14,632.38","1,167.25","1,205.60","1,143.63","1,201.41",98.1 ,101.64,1.062,4.4,,2014年5月,,,,,,,,,,
2014年4月,"14,870.51","15,164.39","13,885.11","14,304.11","1,207.63","1,223.26","1,121.50","1,162.44",97.7 ,102.51,0.905,4.2,,2014年4月,,,,,,,,,,
2014年3月,"14,666.93","15,312.60","14,203.21","14,827.83","1,197.77","1,241.88","1,145.90","1,202.89",95.7 ,102.98,0.872,1.7,,2014年3月,,,,,,,,,,
2014年2月,"14,788.56","15,094.54","13,995.86","14,841.07","1,212.97","1,234.54","1,139.27","1,211.66",95.5 ,101.66,1.031,1.8,,2014年2月,,,,,,,,,,
2014年1月,"16,147.54","16,164.01","14,764.57","14,914.53","1,297.79","1,308.08","1,211.22","1,220.64",95.5 ,102.49,0.973,2.5,,2014年1月,,,,,,,,,,
2013年12月,"15,659.74","16,320.22","15,112.54","16,291.31","1,260.97","1,302.87","1,222.20","1,302.29",95.6 ,105.37,0.927,2.5,,2013年12月,,,,,,,,,,
2013年11月,"14,403.07","15,729.09","14,026.17","15,661.87","1,199.68","1,261.04","1,171.20","1,258.66",95.5 ,102.24,1.11,2.6,,2013年11月,,,,,,,,,,
2013年10月,"14,517.98","14,799.28","13,748.94","14,327.94","1,198.18","1,222.56","1,138.75","1,194.26",95.5 ,98.34,1.021,2.5,,2013年10月,,,,,,,,,,
2013年9月,"13,438.07","14,817.50","13,407.53","14,455.80","1,109.41","1,223.12","1,107.90","1,194.10",95.4 ,97.89,0.911,2.3,,2013年9月,,,,,,,,,,
2013年8月,"13,674.50","14,466.16","13,188.14","13,388.86","1,134.84","1,196.17","1,103.94","1,106.05",95.1 ,98.06,1.089,2.3,,2013年8月,,,,,,,,,,
2013年7月,"13,746.72","14,953.29","13,562.70","13,668.32","1,143.96","1,232.02","1,127.01","1,131.70",94.8 ,97.85,0.95,2.1,,2013年7月,,,,,,,,,,
2013年6月,"13,551.36","13,724.44","12,415.85","13,677.32","1,122.10","1,139.76","1,033.02","1,133.84",94.6 ,98.83,0.956,1.2,,2013年6月,,,,,,,,,,
2013年5月,"13,837.72","15,942.60","13,555.66","13,774.54","1,164.31","1,289.77","1,129.07","1,135.78",94.6 ,100.63,1.158,0.6,,2013年5月,,,,,,,,,,
2013年4月,"12,371.34","13,983.87","11,805.78","13,860.86","1,031.75","1,176.36",971.33,"1,165.13",94.5 ,97.83,0.962,0.1,,2013年4月,,,,,,,,,,
2013年3月,"11,464.71","12,650.26","11,464.71","12,397.91",971.99,"1,061.75",971.22,"1,034.71",94.2 ,94.04,0.909,-0.5,,2013年3月,,,,,,,,,,
2013年2月,"11,193.72","11,662.52","11,046.92","11,559.36",945.54,981.8,930.04,975.66,94.0 ,92.36,1.111,-0.1,,2013年2月,,,,,,,,,,
2013年1月,"10,604.50","11,145.38","10,398.61","11,138.66",876.97,942.08,862.62,940.25,94.2 ,90.92,1.119,-0.4,,2013年1月,,,,,,,,,,
2012年12月,"9,484.20","10,433.63","9,376.97","10,395.18",785.48,861.57,776.83,859.8,94.1 ,86.32,1,-0.7,,2012年12月,,,,,,,,,,
2012年11月,"8,931.71","9,492.91","8,619.45","9,446.01",743.02,787.74,718.36,781.46,94.1 ,82.63,1.146,-1.1,,2012年11月,,,,,,,,,,
2012年10月,"8,815.07","9,075.59","8,488.14","8,928.29",732.78,757.59,710.32,742.33,94.4 ,79.73,1.047,-1.1,,2012年10月,,,,,,,,,,
2012年9月,"8,836.61","9,288.53","8,646.03","8,870.16",731.87,769.54,715.05,737.42,94.4 ,77.58,1.04,-1.5,,2012年9月,,,,,,,,,,
2012年8月,"8,622.04","9,222.87","8,513.20","8,839.91",731.11,769.79,720.03,731.64,94.3 ,78.46,1.186,-2,,2012年8月,,,,,,,,,,
2012年7月,"9,103.79","9,136.02","8,328.02","8,695.06",778.66,781.94,703.31,736.31,94.1 ,78.28,1.099,-2.2,,2012年7月,,,,,,,,,,
2012年6月,"8,465.47","9,044.04","8,238.96","9,006.78",712.18,773.21,692.18,770.08,94.4 ,79.61,1.011,-1.5,,2012年6月,,,,,,,,,,
2012年5月,"9,471.66","9,472.25","8,455.13","8,542.73",801.76,801.97,711.38,719.49,94.9 ,78.81,1.207,-0.9,,2012年5月,,,,,,,,,,
2012年4月,"10,161.72","10,190.35","9,388.14","9,520.89",862.07,863.23,800.55,804.27,95.2 ,80.74,1.07,-0.7,,2012年4月,,,,,,,,,,
2012年3月,"9,771.34","10,255.15","9,509.10","10,083.56",840.23,872.42,815.85,854.35,95.1 ,82.17,0.966,0.3,,2012年3月,,,,,,,,,,
2012年2月,"8,789.06","9,866.41","8,780.10","9,723.24",755.1,847.83,754.84,835.96,94.7 ,80.49,1.137,0.4,,2012年2月,,,,,,,,,,
2012年1月,"8,549.54","8,911.62","8,349.33","8,802.51",737.52,769.36,722.85,755.27,94.5 ,76.3,1.108,0.3,,2012年1月,,,,,,,,,,
2011年12月,"8,581.20","8,729.81","8,272.26","8,455.35",740.7,750.61,712.27,728.61,94.3 ,77.57,1.08,0.8,,2011年12月,,,,,,,,,,
2011年11月,"8,880.75","8,946.00","8,135.79","8,434.61",757.77,761.04,703.88,728.46,94.2 ,78.01,1.325,1.3,,2011年11月,,,,,,,,,,
2011年10月,"8,567.98","9,152.39","8,343.01","8,988.39",748.8,779.08,724.77,764.06,94.8 ,78.81,1.063,1.3,,2011年10月,,,,,,,,,,
2011年9月,"9,017.01","9,098.15","8,359.70","8,700.29",776.04,780.99,727.33,761.17,94.7 ,76.7,1.11,2,,2011年9月,,,,,,,,,,
2011年8月,"9,907.04","10,040.13","8,619.21","8,955.20",847.12,858.53,740.51,770.6,94.7 ,76.58,1.07,2.2,,2011年8月,,,,,,,,,,
2011年7月,"9,878.69","10,207.91","9,824.34","9,833.03",854.83,879.48,841.37,841.37,94.6 ,77.59,1.195,2.2,,2011年7月,,,,,,,,,,
2011年6月,"9,708.05","9,849.69","9,318.62","9,816.09",839.41,850.32,801.78,849.22,94.6 ,80.42,1.081,1.9,,2011年6月,,,,,,,,,,
2011年5月,"9,964.39","10,017.47","9,406.04","9,693.73",861.6,866.65,812.52,838.48,94.7 ,81.6,1.196,1.6,,2011年5月,,,,,,,,,,
2011年4月,"9,757.28","9,849.74","9,405.19","9,849.74",870.96,874.35,824.61,851.85,94.7 ,81.6,1.126,1.8,,2011年4月,,,,,,,,,,
2011年3月,"10,676.24","10,768.43","8,227.63","9,755.10",956.34,964.18,725.9,869.38,94.6 ,82.84,1.081,1.3,,2011年3月,,,,,,,,,,
2011年2月,"10,281.55","10,891.60","10,245.75","10,624.09",914.34,976.28,910.82,951.27,94.4 ,81.68,1.095,0.7,,2011年2月,,,,,,,,,,
2011年1月,"10,352.19","10,620.57","10,182.57","10,237.92",909.44,939.7,904.25,910.08,94.4 ,82.04,1.161,0.6,,2011年1月,,,,,,,,,,
2010年12月,"9,939.80","10,394.22","9,918.55","10,228.92",860.7,909.67,858.87,898.8,94.5 ,81.51,1.192,1.2,,2010年12月,,,,,,,,,,
2010年11月,"9,166.85","10,157.97","9,123.62","9,937.04",806.55,878.64,799.64,860.94,94.7 ,84.03,1.095,0.9,,2010年11月,,,,,,,,,,
2010年10月,"9,440.52","9,716.92","9,179.15","9,202.45",833.46,850.13,803.54,810.91,95.0 ,80.68,1.228,0.9,,2010年10月,,,,,,,,,,
2010年9月,"8,833.32","9,704.25","8,796.45","9,369.35",804.25,858.77,800.69,829.51,94.7 ,83.32,1.209,-0.1,,2010年9月,,,,,,,,,,
2010年8月,"9,574.64","9,750.88","8,807.41","8,824.06",851.45,864.25,803.78,804.67,94.5 ,84.24,1.169,0,,2010年8月,,,,,,,,,,
2010年7月,"9,296.86","9,807.36","9,091.70","9,537.30",834.72,874.25,822.02,849.5,94.4 ,86.37,1.229,-0.1,,2010年7月,,,,,,,,,,
2010年6月,"9,747.26","10,251.90","9,347.07","9,382.64",879.43,904.03,835.91,841.42,94.9 ,88.66,1.127,0.5,,2010年6月,,,,,,,,,,
2010年5月,"10,847.90","10,847.90","9,395.29","9,768.70",970.44,970.46,850.88,880.46,95.1 ,91.49,1.121,0.4,,2010年5月,,,,,,,,,,
2010年4月,"11,178.92","11,408.17","10,865.92","11,057.40",983.99,"1,001.77",968.79,987.04,95.1 ,94.18,1.356,-0.2,,2010年4月,,,,,,,,,,
2010年3月,"10,128.73","11,147.62","10,116.86","11,089.94",895.23,984.06,893.81,978.81,95.1 ,93.27,1.284,-1.3,,2010年3月,,,,,,,,,,
2010年2月,"10,212.36","10,449.75","9,867.39","10,126.03",900.38,921.9,876.77,894.1,94.9 ,89.34,1.19,-1.6,,2010年2月,,,,,,,,,,
2010年1月,"10,609.34","10,982.10","10,198.04","10,198.04",912.48,966.4,901.12,901.12,94.9 ,90.19,1.338,-2.1,,2010年1月,,,,,,,,,,
2009年12月,"9,281.82","10,707.51","9,233.20","10,546.44",833.52,920.54,829.56,907.59,94.8 ,92.13,1.262,-3.8,,2009年12月,,,,,,,,,,
2009年11月,"9,903.77","9,979.46","9,076.41","9,345.55",884.08,884.08,809.24,839.94,95.0 ,86.15,1.23,-5,,2009年11月,,,,,,,,,,
2009年10月,"10,072.64","10,397.69","9,628.67","10,034.74",905.39,914.96,863.78,894.67,95.2 ,91.11,1.39,-6.8,,2009年10月,,,,,,,,,,
2009年9月,"10,453.37","10,577.19","9,971.05","10,133.23",962.29,971.91,898.08,909.84,95.6 ,89.76,1.367,-7.9,,2009年9月,,,,,,,,,,
2009年8月,"10,355.23","10,767.00","10,142.22","10,492.53",953.53,987.27,938.81,965.73,95.6 ,92.78,1.363,-8.5,,2009年8月,,,,,,,,,,
2009年7月,"9,889.34","10,359.07","9,050.33","10,356.83",924.18,950.38,852.11,950.26,95.3 ,95.61,1.431,-8.4,,2009年7月,,,,,,,,,,
2009年6月,"9,517.49","10,170.82","9,491.26","9,958.44",898.35,954.08,895.56,929.76,95.6 ,95.56,1.266,-6.8,,2009年6月,,,,,,,,,,
2009年5月,"8,848.84","9,522.50","8,827.13","9,522.50",840.13,906.47,837.68,897.91,95.8 ,96.45,1.309,-5.6,,2009年5月,,,,,,,,,,
2009年4月,"8,173.36","9,068.80","8,084.62","8,828.26",780.51,856.08,778.21,837.79,96.0 ,97.67,1.47,-4.1,,2009年4月,,,,,,,,,,
2009年3月,"7,454.28","8,843.18","7,021.28","8,109.53",745.74,845.64,698.46,773.66,95.9 ,98.31,1.377,-2.6,,2009年3月,,,,,,,,,,
2009年2月,"7,908.51","8,257.71","7,155.16","7,568.42",785.66,803.6,717.85,756.71,95.6 ,97.87,1.373,-2,,2009年2月,,,,,,,,,,
2009年1月,"8,991.21","9,325.35","7,671.04","7,994.05",871.01,896.21,767.82,794.03,95.9 ,89.51,1.545,-0.9,,2009年1月,,,,,,,,,,
2008年12月,"8,464.36","8,859.56","7,849.84","8,859.56",832.62,859.66,782.16,859.24,96.4 ,90.28,1.454,0.9,,2008年12月,,,,,,,,,,
2008年11月,"8,702.77","9,521.24","7,406.18","8,512.27",878.43,966.91,753.91,834.82,96.8 ,95.31,1.618,2.4,,2008年11月,,,,,,,,,,
2008年10月,"11,396.61","11,456.64","6,994.90","8,576.98","1,099.34","1,107.68",721.53,867.12,97.7 ,97.01,1.684,4.5,,2008年10月,,,,,,,,,,
2008年9月,"12,936.81","12,940.55","11,160.83","11,259.86","1,242.10","1,242.10","1,069.69","1,087.41",97.8 ,104.76,1.551,6.9,,2008年9月,,,,,,,,,,
2008年8月,"13,276.57","13,468.81","12,631.94","13,072.87","1,294.38","1,296.07","1,212.95","1,254.71",97.8 ,108.8,1.587,7.5,,2008年8月,,,,,,,,,,
2008年7月,"13,514.86","13,603.31","12,671.34","13,376.81","1,324.11","1,334.52","1,240.91","1,303.62",97.5 ,108.13,1.675,7.5,,2008年7月,,,,,,,,,,
2008年6月,"14,342.96","14,601.27","13,453.35","13,481.38","1,409.09","1,449.14","1,311.35","1,320.10",97.3 ,105.33,1.554,5.8,,2008年6月,,,,,,,,,,
2008年5月,"13,802.59","14,392.53","13,540.68","14,338.54","1,352.77","1,411.87","1,327.21","1,408.14",96.8 ,105.46,1.629,4.9,,2008年5月,,,,,,,,,,
2008年4月,"12,539.80","14,003.28","12,521.84","13,849.99","1,218.64","1,372.96","1,214.92","1,358.65",96.0 ,104.05,1.65,4,,2008年4月,,,,,,,,,,
2008年3月,"13,412.87","13,413.63","11,691.00","12,525.54","1,306.80","1,307.03","1,139.62","1,212.96",96.1 ,99.37,1.583,4,,2008年3月,,,,,,,,,,
2008年2月,"13,517.74","14,105.47","12,923.42","13,603.02","1,342.54","1,372.82","1,274.08","1,324.28",95.7 ,104.34,1.554,3.6,,2008年2月,,,,,,,,,,
2008年1月,"15,155.73","15,156.66","12,572.68","13,592.47","1,461.23","1,461.31","1,219.95","1,346.31",95.9 ,106.63,1.677,3,,2008年1月,,,,,,,,,,
2007年12月,"15,747.47","16,107.65","14,998.01","15,307.78","1,543.17","1,578.39","1,447.54","1,475.68",96.0 ,113.12,1.613,2.6,,2007年12月,,,,,,,,,,
2007年11月,"16,812.90","16,887.04","14,669.85","15,680.67","1,626.51","1,638.71","1,417.47","1,531.88",95.9 ,110.29,1.799,2.3,,2007年11月,,,,,,,,,,
2007年10月,"16,773.10","17,488.97","16,199.02","16,737.63","1,614.23","1,679.71","1,539.09","1,620.07",96.0 ,114.78,1.699,2,,2007年10月,,,,,,,,,,
2007年9月,"16,511.07","16,929.26","15,610.65","16,785.69","1,605.66","1,622.49","1,506.19","1,616.62",95.8 ,115.27,1.693,1.3,,2007年9月,,,,,,,,,,
2007年8月,"17,169.20","17,274.33","15,262.10","16,569.09","1,698.33","1,698.33","1,479.82","1,608.25",95.8 ,116.24,1.826,1.6,,2007年8月,,,,,,,,,,
2007年7月,"18,139.04","18,295.27","17,042.66","17,248.89","1,776.80","1,796.89","1,676.69","1,706.18",95.3 ,118.99,1.682,1.8,,2007年7月,,,,,,,,,,
2007年6月,"17,949.92","18,297.00","17,591.93","18,138.36","1,763.96","1,793.61","1,731.41","1,774.88",95.4 ,123.48,1.654,1.8,,2007年6月,,,,,,,,,,
2007年5月,"17,396.30","17,875.75","17,203.03","17,875.75","1,704.01","1,757.09","1,686.84","1,755.68",95.6 ,121.63,1.734,1.7,,2007年5月,,,,,,,,,,
2007年4月,"17,346.25","17,782.08","16,999.05","17,400.41","1,719.78","1,743.50","1,682.49","1,701.00",95.3 ,119.41,1.594,1.9,,2007年4月,,,,,,,,,,
2007年3月,"17,542.23","17,558.04","16,532.91","17,287.65","1,754.46","1,755.70","1,656.74","1,713.61",95.0 ,118.05,1.622,1.3,,2007年3月,,,,,,,,,,
2007年2月,"17,377.03","18,300.39","17,199.66","17,604.12","1,722.66","1,823.89","1,712.28","1,752.74",94.7 ,118.59,1.625,1.2,,2007年2月,,,,,,,,,,
2007年1月,"17,322.50","17,617.64","16,758.46","17,383.42","1,692.94","1,749.18","1,650.82","1,721.96",95.2 ,121.34,1.602,1.5,,2007年1月,,,,,,,,,,
2006年12月,"16,313.02","17,301.69","16,185.92","17,225.83","1,606.27","1,685.76","1,594.72","1,681.07",95.4 ,118.92,1.563,1.7,,2006年12月,,,,,,,,,,
2006年11月,"16,338.72","16,512.51","15,615.56","16,274.33","1,615.58","1,629.29","1,526.37","1,603.03",95.3 ,116.12,1.638,1.9,,2006年11月,,,,,,,,,,
2006年10月,"16,169.00","16,901.53","16,028.32","16,399.39","1,614.82","1,672.02","1,596.24","1,617.42",95.8 ,117.74,1.499,2,,2006年10月,,,,,,,,,,
2006年9月,"16,072.81","16,414.94","15,513.87","16,127.58","1,628.70","1,655.27","1,546.03","1,610.73",96.0 ,118.05,1.449,2.7,,2006年9月,,,,,,,,,,
2006年8月,"15,387.52","16,244.84","15,154.06","16,140.76","1,568.46","1,645.43","1,540.12","1,634.46",96.0 ,117.23,1.545,2.6,,2006年8月,,,,,,,,,,
2006年7月,"15,573.35","15,710.39","14,437.24","15,456.81","1,593.15","1,606.86","1,473.59","1,572.01",95.3 ,114.47,1.448,2.5,,2006年7月,,,,,,,,,,
2006年6月,"15,603.25","15,789.31","14,045.53","15,505.18","1,596.14","1,606.11","1,439.00","1,586.96",95.6 ,114.66,1.367,2.5,,2006年6月,,,,,,,,,,
2006年5月,"16,929.83","17,375.25","15,442.53","15,467.33","1,716.01","1,763.76","1,574.45","1,579.94",95.6 ,111.85,1.363,2.3,,2006年5月,,,,,,,,,,
2006年4月,"17,127.61","17,563.37","16,750.50","16,906.23","1,735.44","1,783.72","1,700.15","1,716.43",95.3 ,114.32,1.292,1.7,,2006年4月,,,,,,,,,,
2006年3月,"16,026.82","17,125.64","15,553.14","17,059.66","1,645.06","1,735.25","1,595.93","1,728.16",95.1 ,117.47,1.374,2,,2006年3月,,,,,,,,,,
2006年2月,"16,594.90","16,777.37","15,389.58","16,205.43","1,704.88","1,719.17","1,568.50","1,660.42",94.9 ,116.35,1.428,2.2,,2006年2月,,,,,,,,,,
2006年1月,"16,294.65","16,754.60","15,059.52","16,649.82","1,666.75","1,721.92","1,538.85","1,710.77",95.2 ,117.18,1.395,2,,2006年1月,,,,,,,,,,
2005年12月,"14,914.75","16,445.56","14,880.18","16,111.43","1,541.19","1,673.18","1,538.99","1,649.76",95.1 ,117.48,1.296,2.3,,2005年12月,,,,,,,,,,
2005年11月,"13,606.50","15,013.24","13,606.50","14,872.15","1,444.73","1,553.27","1,444.73","1,536.21",95.0 ,119.46,1.391,2,,2005年11月,,,,,,,,,,
2005年10月,"13,566.20","13,783.60","12,996.29","13,606.50","1,412.89","1,447.45","1,363.66","1,444.73",95.4 ,115.67,1.341,2.1,,2005年10月,,,,,,,,,,
2005年9月,"12,501.43","13,678.44","12,498.40","13,574.30","1,279.31","1,430.80","1,274.63","1,412.28",95.4 ,113.28,1.311,1.8,,2005年9月,,,,,,,,,,
2005年8月,"11,907.42","12,612.16","11,614.71","12,413.60","1,207.41","1,283.23","1,174.16","1,271.29",95.1 ,111.42,1.404,1.8,,2005年8月,,,,,,,,,,
2005年7月,"11,573.37","11,913.50","11,540.93","11,899.60","1,177.08","1,207.48","1,174.92","1,204.98",95.0 ,112.18,1.395,1.6,,2005年7月,,,,,,,,,,
2005年6月,"11,220.94","11,594.57","11,148.36","11,584.01","1,140.16","1,179.18","1,137.60","1,177.20",95.1 ,110.37,1.427,1.4,,2005年6月,,,,,,,,,,
2005年5月,"10,954.21","11,302.52","10,788.59","11,276.59","1,126.44","1,154.25","1,108.67","1,144.33",95.5 ,108.17,1.407,1.8,,2005年5月,,,,,,,,,,
2005年4月,"11,590.45","11,911.90","10,770.58","11,008.90","1,176.16","1,202.46","1,104.30","1,129.93",95.4 ,105.87,1.415,1.9,,2005年4月,,,,,,,,,,
2005年3月,"11,734.14","11,975.46","11,506.85","11,668.95","1,175.94","1,206.93","1,165.26","1,182.18",95.3 ,106.97,1.324,1.4,,2005年3月,,,,,,,,,,
2005年2月,"11,422.02","11,754.90","11,271.04","11,740.60","1,149.25","1,177.41","1,137.23","1,177.41",95.0 ,104.58,1.551,1.3,,2005年2月,,,,,,,,,,
2005年1月,"11,458.27","11,580.69","11,212.63","11,387.59","1,147.24","1,158.43","1,128.75","1,146.14",95.3 ,103.58,1.553,1.4,,2005年1月,,,,,,,,,,
2004年12月,"10,790.45","11,500.95","10,721.59","11,488.76","1,090.35","1,149.63","1,083.64","1,149.63",95.5 ,103.78,1.482,1.9,,2004年12月,,,,,,,,,,
2004年11月,"10,731.02","11,268.81","10,690.95","10,899.25","1,081.62","1,127.45","1,077.17","1,098.79",96.0 ,103.17,1.592,2.1,,2004年11月,,,,,,,,,,
2004年10月,"10,893.19","11,410.40","10,575.23","10,771.42","1,105.85","1,149.85","1,068.85","1,085.43",96.2 ,105.87,1.538,2.1,,2004年10月,,,,,,,,,,
2004年9月,"11,104.85","11,357.85","10,737.78","10,823.57","1,132.76","1,150.35","1,083.44","1,102.11",95.7 ,110.92,1.442,1.9,,2004年9月,,,,,,,,,,
2004年8月,"11,274.45","11,279.71","10,545.89","11,081.79","1,137.58","1,140.58","1,073.69","1,129.55",95.4 ,109.86,1.621,1.7,,2004年8月,,,,,,,,,,
2004年7月,"11,933.33","11,988.12","11,018.79","11,325.78","1,194.73","1,197.74","1,114.39","1,139.30",95.3 ,111.67,1.606,1.7,,2004年7月,,,,,,,,,,
2004年6月,"11,204.69","11,887.95","10,963.56","11,858.87","1,136.87","1,190.14","1,114.60","1,189.60",95.6 ,108.69,1.453,1.5,,2004年6月,,,,,,,,,,
2004年5月,"11,777.44","11,785.26","10,489.84","11,236.37","1,189.64","1,191.42","1,051.57","1,139.94",95.4 ,109.56,1.588,0.9,,2004年5月,,,,,,,,,,
2004年4月,"11,756.16","12,195.66","11,623.65","11,761.79","1,182.05","1,225.97","1,168.86","1,186.31",95.3 ,110.44,1.546,0.6,,2004年4月,,,,,,,,,,
2004年3月,"11,112.68","11,869.00","11,045.94","11,715.39","1,089.23","1,189.38","1,088.73","1,179.23",95.3 ,103.95,1.443,0.2,,2004年3月,,,,,,,,,,
2004年2月,"10,784.93","11,069.28","10,299.43","11,041.92","1,048.70","1,083.52","1,017.84","1,082.47",95.1 ,109.08,1.648,0,,2004年2月,,,,,,,,,,
2004年1月,"10,787.83","11,193.64","10,665.15","10,783.61","1,055.08","1,084.56","1,043.40","1,047.51",95.1 ,105.88,1.661,0,,2004年1月,,,,,,,,,,
2003年12月,"10,006.13","10,681.28","9,859.00","10,676.64",990.8,"1,043.69",976.28,"1,043.69",95.3 ,106.97,1.468,-0.2,,2003年12月,,,,,,,,,,
2003年11月,"10,693.66","10,869.35","9,614.60","10,100.57","1,055.32","1,071.53",953.19,999.75,95.2 ,109.34,1.688,-0.5,,2003年11月,,,,,,,,,,
2003年10月,"10,232.57","11,238.63","10,173.54","10,559.59","1,019.58","1,114.40","1,014.44","1,043.36",95.7 ,108.99,1.629,-0.5,,2003年10月,,,,,,,,,,
2003年9月,"10,399.53","11,160.19","10,148.36","10,219.05","1,008.88","1,085.64","1,007.87","1,018.80",95.7 ,110.48,1.381,-0.6,,2003年9月,,,,,,,,,,
2003年8月,"9,646.66","10,415.53","9,224.05","10,343.55",947.03,"1,012.46",911.86,"1,002.01",95.6 ,117.13,1.704,-0.7,,2003年8月,,,,,,,,,,
2003年7月,"9,097.61","10,070.11","9,078.74","9,563.21",904.93,986.65,904.18,939.4,95.4 ,120.11,1.611,-0.8,,2003年7月,,,,,,,,,,
2003年6月,"8,490.22","9,188.95","8,488.89","9,083.11",842.74,908.43,842.73,903.44,95.6 ,119.82,1.526,-1.3,,2003年6月,,,,,,,,,,
2003年5月,"7,804.03","8,461.73","7,745.69","8,424.51",793.8,840.88,789.57,837.7,95.9 ,118.63,1.69,-1.1,,2003年5月,,,,,,,,,,
2003年4月,"7,907.13","8,249.98","7,603.76","7,831.42",783.33,810.58,770.46,796.56,95.7 ,119.46,1.61,-0.8,,2003年4月,,,,,,,,,,
2003年3月,"8,397.15","8,509.43","7,824.82","7,972.71",820.45,831.43,770.62,788,95.4 ,119.02,1.565,-0.8,,2003年3月,,,,,,,,,,
2003年2月,"8,285.55","8,821.31","8,253.76","8,363.04",819.02,867.02,810.29,818.73,95.1 ,117.75,1.692,-0.8,,2003年2月,,,,,,,,,,
2003年1月,"8,669.89","8,829.06","8,237.03","8,339.94",851.8,870.69,817.52,821.18,95.4 ,119.21,1.615,-1,,2003年1月,,,,,,,,,,
2002年12月,"9,208.61","9,320.11","8,256.52","8,578.95",893.81,897.99,807.35,843.29,95.7 ,119.37,1.537,-1.3,,2002年12月,,,,,,,,,,
2002年11月,"8,651.67","9,294.10","8,246.53","9,215.56",864.76,901.06,808.15,892.71,95.7 ,122.44,1.609,-1.2,,2002年11月,,,,,,,,,,
2002年10月,"9,289.53","9,293.86","8,197.22","8,640.48",913.25,914.95,814.7,862.24,95.7 ,122.48,1.65,-1.6,,2002年10月,,,,,,,,,,
2002年9月,"9,564.90","9,884.60","8,969.26","9,383.29",937.77,963.22,880.57,921.05,95.9 ,121.79,1.416,-2,,2002年9月,,,,,,,,,,
2002年8月,"9,912.59","10,162.30","9,439.41","9,619.30",967.14,984.14,931.48,941.64,95.9 ,117.97,1.734,-2,,2002年8月,,,,,,,,,,
2002年7月,"10,655.00","11,050.69","9,547.85","9,877.94","1,029.49","1,061.94",941.27,965,95.6 ,119.82,1.606,-2.1,,2002年7月,,,,,,,,,,
2002年6月,"11,804.04","11,905.16","10,060.72","10,621.84","1,123.70","1,133.75",983.48,"1,024.89",96.0 ,119.22,1.598,-2.1,,2002年6月,,,,,,,,,,
2002年5月,"11,540.09","12,081.43","11,250.86","11,763.70","1,085.52","1,144.02","1,068.99","1,120.08",96.1 ,123.96,1.63,-2.2,,2002年5月,,,,,,,,,,
2002年4月,"11,106.07","11,812.99","10,896.12","11,492.54","1,065.14","1,108.69","1,047.66","1,082.06",95.8 ,127.97,1.555,-2.4,,2002年4月,,,,,,,,,,
2002年3月,"10,641.36","12,034.04","10,540.31","11,024.94","1,018.62","1,128.36","1,009.20","1,060.19",95.5 ,132.71,1.561,-2.5,,2002年3月,,,,,,,,,,
2002年2月,"10,026.96","10,798.67","9,420.85","10,587.83",975.56,"1,028.36",921.08,"1,013.80",95.3 ,133.89,1.622,-2.7,,2002年2月,,,,,,,,,,
2002年1月,"10,631.00","10,979.92","9,843.12","9,997.80","1,040.02","1,057.67",958.45,971.77,95.8 ,132.94,1.619,-2.7,,2002年1月,,,,,,,,,,
2001年12月,"10,694.65","11,052.51","10,170.90","10,542.62","1,052.66","1,069.93",983,"1,032.14",96.0 ,131.47,1.628,-2.8,,2001年12月,,,,,,,,,,
2001年11月,"10,430.59","11,186.75","9,955.09","10,697.44","1,065.24","1,092.21","1,007.61","1,050.22",96.1 ,123.98,1.715,-2.7,,2001年11月,,,,,,,,,,
2001年10月,"9,766.75","11,052.01","9,604.09","10,366.34","1,026.80","1,118.15","1,018.04","1,059.37",96.6 ,121.84,1.478,-2.7,,2001年10月,,,,,,,,,,
2001年9月,"10,729.60","10,812.89","9,382.95","9,774.68","1,104.14","1,104.56",984.55,"1,023.42",96.6 ,119.29,1.648,-2.5,,2001年9月,,,,,,,,,,
2001年8月,"11,920.64","12,407.37","10,684.16","10,713.51","1,196.84","1,237.02","1,094.08","1,103.67",96.7 ,118.92,1.71,-2.5,,2001年8月,,,,,,,,,,
2001年7月,"12,929.66","12,929.66","11,531.68","11,860.77","1,300.07","1,300.07","1,156.91","1,190.31",96.4 ,124.79,1.588,-2.4,,2001年7月,,,,,,,,,,
2001年6月,"13,365.08","13,510.70","12,511.66","12,969.05","1,320.31","1,326.53","1,245.82","1,300.98",96.7 ,124.27,1.602,-2.1,,2001年6月,,,,,,,,,,
2001年5月,"14,096.32","14,556.11","13,216.57","13,262.14","1,379.50","1,441.00","1,308.72","1,310.81",96.9 ,119.06,1.7,-1.9,,2001年5月,,,,,,,,,,
2001年4月,"13,057.65","14,099.49","12,579.56","13,934.32","1,281.17","1,370.08","1,252.32","1,366.46",96.8 ,124.06,1.595,-2,,2001年4月,,,,,,,,,,
2001年3月,"12,811.52","13,867.58","11,433.88","12,999.70","1,236.16","1,343.15","1,125.40","1,277.27",96.7 ,125.27,1.835,-1.9,,2001年3月,,,,,,,,,,
2001年2月,"13,740.92","13,862.29","12,784.17","12,883.54","1,291.38","1,299.01","1,223.97","1,241.48",96.8 ,116.44,1.886,-1.8,,2001年2月,,,,,,,,,,
2001年1月,"13,898.09","14,186.62","13,123.81","13,843.55","1,294.61","1,327.70","1,218.16","1,300.23",97.1 ,116.38,1.906,-1.8,,2001年1月,,,,,,,,,,
2000年12月,"14,600.53","15,273.40","13,182.51","13,785.69","1,355.89","1,401.05","1,238.83","1,283.67",97.1 ,114.9,1.871,-0.2,,2000年12月,,,,,,,,,,
2000年11月,"14,557.45","15,602.39","14,172.64","14,648.51","1,381.59","1,460.87","1,336.48","1,362.66",97.0 ,111.07,1.93,-0.2,,2000年11月,,,,,,,,,,
2000年10月,"15,735.71","16,192.78","14,333.16","14,539.60","1,468.77","1,512.71","1,368.06","1,379.96",97.3 ,108.81,1.75,-0.2,,2000年10月,,,,,,,,,,
2000年9月,"16,915.04","17,018.52","15,621.88","15,747.26","1,516.05","1,524.00","1,439.43","1,470.78",97.3 ,107.75,1.788,0.1,,2000年9月,,,,,,,,,,
2000年8月,"15,784.60","17,210.80","15,557.33","16,861.26","1,458.54","1,544.43","1,443.79","1,511.44",97.4 ,106.43,1.757,0.2,,2000年8月,,,,,,,,,,
2000年7月,"17,451.65","17,661.11","15,394.71","15,727.49","1,595.57","1,615.53","1,419.26","1,453.15",97.1 ,109.52,1.739,0.3,,2000年7月,,,,,,,,,,
2000年6月,"16,320.08","17,511.32","16,289.92","17,411.05","1,521.37","1,599.62","1,503.17","1,591.60",97.4 ,105.4,1.738,0.3,,2000年6月,,,,,,,,,,
2000年5月,"17,979.25","18,586.16","15,870.25","16,332.45","1,652.08","1,716.44","1,482.09","1,522.84",97.6 ,107.3,1.748,0.2,,2000年5月,,,,,,,,,,
2000年4月,"20,327.79","20,833.21","17,926.43","17,973.70","1,702.55","1,736.56","1,511.60","1,648.87",97.5 ,106.44,1.673,0.4,,2000年4月,,,,,,,,,,
2000年3月,"20,030.08","20,809.79","18,765.88","20,337.32","1,724.81","1,751.35","1,552.32","1,705.94",97.3 ,105.29,1.739,0.2,,2000年3月,,,,,,,,,,
2000年2月,"19,536.68","20,046.14","19,266.96","19,959.52","1,710.52","1,757.95","1,643.66","1,718.94",97.1 ,110.27,1.764,0,,2000年2月,,,,,,,,,,
2000年1月,"18,937.45","19,595.83","18,068.10","19,539.70","1,726.21","1,744.16","1,585.80","1,707.96",97.4 ,106.9,1.822,-0.1,,2000年1月,,,,,,,,,,
1999年12月,"18,563.26","18,960.33","18,006.32","18,934.34","1,638.56","1,722.41","1,583.10","1,722.20",97.5 ,102.08,1.792,-0.5,,1999年12月,,,,,,,,,,
1999年11月,"17,982.39","19,036.08","17,857.11","18,558.23","1,566.61","1,690.96","1,558.96","1,641.53",97.8 ,102.42,1.811,-0.5,,1999年11月,,,,,,,,,,
1999年10月,"17,589.73","18,228.39","17,178.47","17,942.08","1,506.33","1,566.30","1,453.67","1,563.89",98.4 ,104.89,1.77,-0.7,,1999年10月,,,,,,,,,,
1999年9月,"17,479.57","17,988.59","16,652.04","17,605.46","1,461.43","1,538.88","1,411.81","1,506.83",98.2 ,105.66,1.795,-1.2,,1999年9月,,,,,,,,,,
1999年8月,"17,827.24","18,397.93","17,040.72","17,436.56","1,475.43","1,529.80","1,415.39","1,457.02",97.9 ,110.19,1.819,-1.2,,1999年8月,,,,,,,,,,
1999年7月,"17,607.60","18,623.15","17,367.08","17,861.86","1,420.22","1,529.82","1,420.22","1,478.93",97.6 ,115.27,1.723,-1.4,,1999年7月,,,,,,,,,,
1999年6月,"16,090.15","17,958.34","16,026.95","17,529.74","1,297.21","1,440.81","1,294.20","1,416.20",98.0 ,120.87,1.718,-1.7,,1999年6月,,,,,,,,,,
1999年5月,"16,762.78","17,300.61","15,886.62","16,111.65","1,340.56","1,384.25","1,284.83","1,297.19",98.3 ,121.37,1.745,-1.6,,1999年5月,,,,,,,,,,
1999年4月,"15,868.05","17,166.06","15,813.41","16,701.53","1,269.52","1,363.15","1,269.52","1,337.12",98.3 ,119.59,1.747,-1.8,,1999年4月,,,,,,,,,,
1999年3月,"14,362.86","16,437.23","13,921.06","15,836.59","1,120.89","1,283.96","1,088.32","1,267.22",97.8 ,119.99,1.81,-1.9,,1999年3月,,,,,,,,,,
1999年2月,"14,544.12","14,641.41","13,769.25","14,367.54","1,127.72","1,131.71","1,075.87","1,120.03",97.7 ,120.32,1.877,-2.2,,1999年2月,,,,,,,,,,
1999年1月,"13,779.05","14,628.88","13,122.61","14,499.25","1,083.17","1,128.38","1,042.48","1,125.26",98.1 ,115.98,1.889,-2.4,,1999年1月,,,,,,,,,,
1998年12月,"14,821.53","15,011.09","13,657.03","13,842.17","1,139.55","1,148.32","1,072.32","1,086.99",98.6 ,115.2,1.87,-2.2,,1998年12月,,,,,,,,,,
1998年11月,"13,648.28","15,320.23","13,648.28","14,883.70","1,041.82","1,167.19","1,041.82","1,143.50",99.0 ,123.83,1.855,-2.2,,1998年11月,,,,,,,,,,
1998年10月,"13,377.24","14,742.44","12,787.90","13,564.51","1,040.83","1,107.35",974.35,"1,035.60",99.1 ,116.09,1.839,-2.1,,1998年10月,,,,,,,,,,
1998年9月,"13,979.82","15,294.26","13,406.39","13,406.39","1,097.96","1,149.09","1,043.07","1,043.57",98.4 ,135.72,1.873,-2,,1998年9月,,,,,,,,,,
1998年8月,"16,303.60","16,303.60","13,792.76","14,107.89","1,256.90","1,256.90","1,079.11","1,106.49",97.6 ,141.52,1.902,-2.1,,1998年8月,,,,,,,,,,
1998年7月,"15,852.10","16,756.89","15,739.76","16,378.97","1,232.04","1,290.48","1,222.94","1,262.04",97.7 ,143.79,1.869,-2.2,,1998年7月,,,,,,,,,,
1998年6月,"15,670.73","15,830.47","14,614.74","15,830.27","1,221.14","1,230.38","1,149.51","1,230.38",98.3 ,139.95,1.873,-2.1,,1998年6月,,,,,,,,,,
1998年5月,"15,656.14","15,972.88","15,020.05","15,670.78","1,221.96","1,240.73","1,183.23","1,221.49",98.7 ,138.72,1.906,-2.3,,1998年5月,,,,,,,,,,
1998年4月,"16,433.37","16,623.78","15,334.47","15,641.26","1,247.02","1,257.57","1,181.03","1,222.98",98.4 ,131.95,1.878,-2.3,,1998年4月,,,,,,,,,,
1998年3月,"16,901.00","17,352.35","16,178.22","16,527.17","1,276.85","1,304.37","1,234.00","1,251.70",98.2 ,133.39,1.92,-0.1,,1998年3月,,,,,,,,,,
1998年2月,"16,685.01","17,256.24","15,932.47","16,831.67","1,269.80","1,303.44","1,219.19","1,272.45",97.8 ,126.72,1.914,0.3,,1998年2月,,,,,,,,,,
1998年1月,"15,268.93","17,352.95","14,546.25","16,628.47","1,175.93","1,310.97","1,111.77","1,267.51",97.9 ,127.34,1.947,0.7,,1998年1月,,,,,,,,,,
1997年12月,"16,593.51","17,117.78","14,488.21","15,258.74","1,251.63","1,279.21","1,116.11","1,175.03",98.0 ,129.92,1.825,0.7,,1997年12月,,,,,,,,,,
1997年11月,"16,494.01","17,006.09","14,966.13","16,636.26","1,280.44","1,295.44","1,174.07","1,252.22",98.2 ,127.66,1.908,0.9,,1997年11月,,,,,,,,,,
1997年10月,"17,820.38","17,936.86","16,082.32","16,458.94","1,383.73","1,393.80","1,255.05","1,277.12",98.9 ,120.29,1.845,1.1,,1997年10月,,,,,,,,,,
1997年9月,"18,215.22","18,775.08","17,563.66","17,887.71","1,425.43","1,450.04","1,368.77","1,388.32",98.6 ,121.44,1.883,1.4,,1997年9月,,,,,,,,,,
1997年8月,"20,344.63","20,399.14","17,973.90","18,229.42","1,544.76","1,546.90","1,408.85","1,427.99",97.9 ,119.39,1.959,1.4,,1997年8月,,,,,,,,,,
1997年7月,"20,561.56","20,698.67","19,495.85","20,331.43","1,550.89","1,563.20","1,484.50","1,544.04",97.8 ,117.74,1.913,1.4,,1997年7月,,,,,,,,,,
1997年6月,"20,083.51","20,910.79","20,040.70","20,604.96","1,488.46","1,579.34","1,486.19","1,553.81",98.2 ,114.3,1.977,1.5,,1997年6月,,,,,,,,,,
1997年5月,"19,232.32","20,612.26","19,187.72","20,068.81","1,445.25","1,521.29","1,445.25","1,486.89",98.2 ,116.43,1.958,1.4,,1997年5月,,,,,,,,,,
1997年4月,"17,934.79","19,194.82","17,447.64","19,151.12","1,369.25","1,442.19","1,311.31","1,441.19",98.0 ,126.92,1.869,1.3,,1997年4月,,,,,,,,,,
1997年3月,"18,517.17","18,750.25","17,616.79","18,003.40","1,387.49","1,405.77","1,336.50","1,373.26",96.1 ,123.97,1.922,-0.8,,1997年3月,,,,,,,,,,
1997年2月,"18,307.95","19,229.49","17,792.47","18,557.00","1,372.25","1,444.73","1,337.78","1,390.59",96.0 ,120.88,1.957,-1,,1997年2月,,,,,,,,,,
1997年1月,"19,364.24","19,500.90","17,019.56","18,330.01","1,470.80","1,482.15","1,315.85","1,372.48",96.2 ,122.13,1.848,-1.2,,1997年1月,,,,,,,,,,
1996年12月,"21,034.94","21,067.68","18,819.92","19,361.35","1,563.51","1,564.80","1,437.77","1,470.94",96.3 ,115.98,1.972,-1.3,,1996年12月,,,,,,,,,,
1996年11月,"20,498.00","21,460.57","20,388.10","21,020.36","1,552.67","1,589.84","1,545.68","1,562.80",96.2 ,113.44,2.01,-1.5,,1996年11月,,,,,,,,,,
1996年10月,"21,532.54","21,788.58","20,449.99","20,466.86","1,625.96","1,626.65","1,550.33","1,550.55",96.5 ,113.27,1.967,-1.6,,1996年10月,,,,,,,,,,
1996年9月,"20,186.60","21,603.91","19,920.02","21,556.40","1,543.81","1,628.47","1,531.44","1,627.55",96.3 ,111.45,2.046,-1.8,,1996年9月,,,,,,,,,,
1996年8月,"20,665.19","21,398.01","20,092.24","20,166.90","1,582.04","1,618.06","1,537.23","1,543.49",95.9 ,108.4,2.108,-1.7,,1996年8月,,,,,,,,,,
1996年7月,"22,568.43","22,600.08","20,627.61","20,692.83","1,714.76","1,716.03","1,578.94","1,584.43",96.0 ,107.13,2.028,-1.7,,1996年7月,,,,,,,,,,
1996年6月,"21,970.56","22,750.70","21,588.52","22,530.75","1,681.22","1,725.64","1,653.35","1,712.45",96.1 ,109.88,2.146,-1.9,,1996年6月,,,,,,,,,,
1996年5月,"22,030.75","22,311.29","21,170.72","21,956.19","1,711.87","1,713.13","1,642.36","1,680.57",96.4 ,108.37,2.106,-1.7,,1996年5月,,,,,,,,,,
1996年4月,"21,451.07","22,347.87","21,349.68","22,041.30","1,640.36","1,719.39","1,640.11","1,712.42",96.2 ,104.29,2.033,-1.7,,1996年4月,,,,,,,,,,
1996年3月,"20,093.78","21,486.33","19,627.57","21,406.85","1,558.35","1,638.10","1,520.46","1,636.88",95.6 ,106.49,2.084,-1.6,,1996年3月,,,,,,,,,,
1996年2月,"20,806.36","21,156.77","19,878.91","20,125.37","1,613.59","1,631.62","1,545.27","1,560.46",95.4 ,104.58,2.068,-1.6,,1996年2月,,,,,,,,,,
1996年1月,"19,945.68","21,021.63","19,945.68","20,812.74","1,583.33","1,632.71","1,558.26","1,613.11",95.6 ,106.92,2.017,-1.5,,1996年1月,,,,,,,,,,
1995年12月,"18,752.19","20,023.52","18,695.89","19,868.15","1,483.63","1,586.57","1,482.39","1,577.70",95.7 ,102.91,2.087,-0.7,,1995年12月,,,,,,,,,,
1995年11月,"17,622.66","18,846.75","17,408.93","18,744.42","1,409.20","1,485.91","1,400.18","1,482.21",95.7 ,101.66,2.185,-0.7,,1995年11月,,,,,,,,,,
1995年10月,"17,921.38","18,547.43","17,337.19","17,654.64","1,438.29","1,471.03","1,388.43","1,411.14",96.0 ,101.9,2.211,-0.8,,1995年10月,,,,,,,,,,
1995年9月,"18,053.24","18,847.89","17,503.36","17,913.06","1,423.98","1,491.74","1,394.20","1,438.16",96.3 ,98.18,2.52,-0.9,,1995年9月,,,,,,,,,,
1995年8月,"16,644.74","18,299.71","16,274.34","18,117.22","1,333.26","1,455.78","1,310.16","1,427.58",95.7 ,97.46,2.54,-0.9,,1995年8月,,,,,,,,,,
1995年7月,"14,519.40","17,018.35","14,295.90","16,677.53","1,197.11","1,348.46","1,184.92","1,336.10",95.6 ,88.17,2.701,-0.8,,1995年7月,,,,,,,,,,
1995年6月,"15,480.57","16,015.93","14,376.08","14,517.40","1,256.53","1,287.43","1,181.68","1,196.99",96.1 ,84.77,2.859,-0.8,,1995年6月,,,,,,,,,,
1995年5月,"16,820.38","17,189.54","15,292.43","15,436.79","1,331.85","1,360.68","1,242.20","1,254.11",96.2 ,83.19,3.107,-0.7,,1995年5月,,,,,,,,,,
1995年4月,"16,079.64","17,110.40","15,256.06","16,806.75","1,303.10","1,346.00","1,243.79","1,331.82",96.0 ,83.77,3.296,-0.6,,1995年4月,,,,,,,,,,
1995年3月,"17,017.91","17,161.88","15,424.11","16,139.95","1,346.14","1,366.51","1,216.26","1,307.89",95.7 ,88.38,3.435,-0.7,,1995年3月,,,,,,,,,,
1995年2月,"18,646.92","18,868.93","16,518.46","17,053.43","1,463.87","1,472.33","1,302.08","1,348.39",95.8 ,96.93,3.472,-0.9,,1995年2月,,,,,,,,,,
1995年1月,"19,724.76","19,724.76","17,698.75","18,649.82","1,557.57","1,557.57","1,383.86","1,463.84",96.1 ,98.58,3.478,-1,,1995年1月,,,,,,,,,,
1994年12月,"19,061.21","19,833.22","18,822.56","19,723.06","1,520.38","1,561.84","1,493.27","1,559.09",96.1 ,99.83,3.493,-1,,1994年12月,,,,,,,,,,
1994年11月,"19,929.49","19,929.49","18,666.13","19,075.62","1,580.78","1,580.78","1,481.56","1,520.41",96.3 ,98.98,3.554,-1.2,,1994年11月,,,,,,,,,,
1994年10月,"19,579.72","20,176.64","19,487.70","19,989.60","1,577.32","1,609.99","1,563.73","1,584.66",96.6 ,97.37,3.466,-1.3,,1994年10月,,,,,,,,,,
1994年9月,"20,634.33","20,700.54","19,414.08","19,563.81","1,640.60","1,643.02","1,559.71","1,576.89",96.2 ,98.59,3.545,-1.3,,1994年9月,,,,,,,,,,
1994年8月,"20,422.18","20,875.78","20,271.35","20,628.53","1,636.52","1,666.73","1,626.76","1,640.39",95.9 ,99.57,3.56,-1.5,,1994年8月,,,,,,,,,,
1994年7月,"20,618.22","20,907.58","19,993.70","20,449.39","1,671.91","1,687.97","1,603.74","1,637.41",95.4 ,99.93,3.469,-1.7,,1994年7月,,,,,,,,,,
1994年6月,"20,988.90","21,573.21","20,168.53","20,643.93","1,683.86","1,712.73","1,636.07","1,673.32",95.9 ,98.95,3.552,-1.7,,1994年6月,,,,,,,,,,
1994年5月,"19,648.53","21,048.61","19,488.90","20,973.59","1,598.59","1,689.35","1,589.34","1,682.50",96.3 ,104.38,3.611,-1.9,,1994年5月,,,,,,,,,,
1994年4月,"19,161.63","20,494.60","18,896.48","19,725.25","1,566.55","1,655.17","1,548.63","1,603.33",96.2 ,102.38,3.475,-2,,1994年4月,,,,,,,,,,
1994年3月,"20,052.61","20,781.98","19,082.82","19,111.92","1,634.07","1,658.55","1,559.19","1,563.21",96.0 ,102.8,3.582,-2,,1994年3月,,,,,,,,,,
1994年2月,"20,256.33","20,526.45","18,768.98","19,997.20","1,630.86","1,648.26","1,534.65","1,631.71",95.5 ,104.3,3.653,-2,,1994年2月,,,,,,,,,,
1994年1月,"17,421.64","20,229.12","17,242.32","20,229.12","1,439.81","1,629.22","1,430.22","1,629.22",95.5 ,109.55,3.661,-2.1,,1994年1月,,,,,,,,,,
1993年12月,"16,449.94","18,052.21","16,216.82","17,417.24","1,377.23","1,498.51","1,377.23","1,439.31",95.4 ,111.89,3.861,-2.1,,1993年12月,,,,,,,,,,
1993年11月,"19,656.97","19,656.97","15,671.97","16,406.54","1,628.01","1,629.06","1,331.12","1,374.06",95.4 ,108.82,4.043,-2,,1993年11月,,,,,,,,,,
1993年10月,"20,096.61","20,529.55","19,443.54","19,702.97","1,624.02","1,678.44","1,600.05","1,630.59",95.9 ,108.23,3.861,-1.9,,1993年10月,,,,,,,,,,
1993年9月,"20,964.10","21,281.03","19,927.69","20,105.71","1,690.93","1,708.06","1,609.73","1,626.25",96.0 ,105.1,4.043,-1.9,,1993年9月,,,,,,,,,,
1993年8月,"20,392.74","21,029.70","20,231.32","21,026.60","1,659.21","1,694.86","1,639.92","1,693.09",95.9 ,104.18,,-1.7,,1993年8月,,,,,,,,,,
1993年7月,"19,638.79","20,545.75","19,545.45","20,380.14","1,582.10","1,665.83","1,580.95","1,659.91",95.6 ,105.6,,-1.6,,1993年7月,,,,,,,,,,
1993年6月,"20,531.87","21,222.77","19,039.55","19,590.00","1,636.20","1,686.78","1,524.20","1,580.25",95.4 ,106.51,,-1.5,,1993年6月,,,,,,,,,,
1993年5月,"20,939.46","21,224.78","20,122.78","20,552.35","1,623.30","1,664.00","1,586.39","1,636.60",95.4 ,107.45,,-1.3,,1993年5月,,,,,,,,,,
1993年4月,"18,595.52","20,919.18","18,526.65","20,919.18","1,432.36","1,622.19","1,424.10","1,620.79",95.4 ,111.1,,-1.2,,1993年4月,,,,,,,,,,
1993年3月,"16,956.46","19,126.38","16,721.48","18,591.45","1,283.99","1,460.66","1,262.48","1,431.87",94.7 ,115.35,,-1.2,,1993年3月,,,,,,,,,,
1993年2月,"17,037.52","17,419.18","16,750.88","16,953.35","1,299.26","1,315.98","1,273.67","1,284.21",94.5 ,117.85,,-1.1,,1993年2月,,,,,,,,,,
1993年1月,"16,980.23","17,177.69","16,216.11","17,023.78","1,309.82","1,309.82","1,245.50","1,298.88",94.4 ,124.3,,-1,,1993年1月,,,,,,,,,,
1992年12月,"17,675.03","17,787.56","16,891.94","16,924.95","1,322.84","1,353.85","1,298.12","1,307.66",94.5 ,124.65,,-1,,1992年12月,,,,,,,,,,
1992年11月,"16,732.50","17,683.65","15,941.93","17,683.65","1,276.05","1,323.35","1,217.35","1,323.35",94.5 ,124.75,,-1.1,,1992年11月,,,,,,,,,,
1992年10月,"17,422.47","17,714.04","16,675.23","16,767.40","1,312.14","1,333.30","1,273.94","1,278.91",94.6 ,123.35,,-1,,1992年10月,,,,,,,,,,
1992年9月,"18,058.11","19,284.12","17,396.43","17,399.08","1,384.60","1,441.36","1,308.90","1,310.60",94.6 ,119.25,,-0.8,,1992年9月,,,,,,,,,,
1992年8月,"15,902.75","18,168.81","14,194.40","18,061.12","1,218.93","1,389.72","1,096.99","1,385.51",94.1 ,123.42,,-0.9,,1992年8月,,,,,,,,,,
1992年7月,"15,960.56","17,274.49","15,024.59","15,910.28","1,236.76","1,306.36","1,168.83","1,219.25",93.8 ,127.3,,-0.8,,1992年7月,,,,,,,,,,
1992年6月,"18,327.68","18,502.61","15,641.61","15,951.73","1,375.22","1,381.94","1,220.77","1,236.20",94.6 ,125.55,,-0.9,,1992年6月,,,,,,,,,,
1992年5月,"17,374.95","19,003.61","17,273.38","18,347.75","1,315.71","1,408.78","1,310.49","1,376.32",94.6 ,128.33,,-1,,1992年5月,,,,,,,,,,
1992年4月,"19,325.47","19,325.47","16,572.46","17,390.71","1,418.49","1,418.49","1,196.19","1,317.46",94.6 ,133.38,,-0.9,,1992年4月,,,,,,,,,,
1992年3月,"21,348.13","21,550.86","19,343.34","19,345.95","1,556.05","1,564.95","1,396.44","1,418.52",93.6 ,133.05,,-0.8,,1992年3月,,,,,,,,,,
1992年2月,"22,075.86","22,373.08","20,485.72","21,338.81","1,633.97","1,640.26","1,514.97","1,554.49",93.1 ,129.33,,-0.7,,1992年2月,,,,,,,,,,
1992年1月,"23,030.66","23,901.89","20,638.04","22,023.05","1,719.13","1,764.50","1,558.51","1,630.94",93.2 ,125.78,,-0.6,,1992年1月,,,,,,,,,,
1991年12月,"22,645.52","23,022.35","21,123.90","22,983.77","1,728.51","1,730.20","1,630.10","1,714.68",93.4 ,125.25,,-0.4,,1991年12月,,,,,,,,,,
1991年11月,"25,167.13","25,167.13","22,538.33","22,687.35","1,884.14","1,885.08","1,720.74","1,731.30",93.8 ,130.07,,-0.2,,1991年11月,,,,,,,,,,
1991年10月,"23,909.75","25,254.80","23,860.67","25,222.28","1,831.32","1,893.63","1,827.39","1,887.45",93.7 ,131,,0.1,,1991年10月,,,,,,,,,,
1991年9月,"22,328.85","24,157.61","22,175.05","23,916.44","1,732.49","1,838.13","1,725.92","1,832.20",92.7 ,132.95,,0.5,,1991年9月,,,,,,,,,,
1991年8月,"24,074.31","24,084.31","21,309.48","22,335.87","1,856.17","1,856.17","1,657.15","1,732.10",92.5 ,136.88,,1,,1991年8月,,,,,,,,,,
1991年7月,"23,376.53","24,322.44","21,731.15","24,120.75","1,824.05","1,878.62","1,695.87","1,859.12",92.3 ,137.83,,1.2,,1991年7月,,,,,,,,,,
1991年6月,"25,840.91","26,017.16","23,214.57","23,290.96","1,967.37","1,971.98","1,811.01","1,819.01",92.4 ,138.15,,1.4,,1991年6月,,,,,,,,,,
1991年5月,"26,193.61","26,648.58","25,227.64","25,789.62","1,969.89","2,008.34","1,920.96","1,964.77",92.8 ,137.97,,1.6,,1991年5月,,,,,,,,,,
1991年4月,"26,237.79","27,092.02","25,913.60","26,111.25","1,967.46","2,033.51","1,948.66","1,963.42",92.3 ,137.42,,1.5,,1991年4月,,,,,,,,,,
1991年3月,"26,389.25","27,270.33","25,785.97","26,292.04","1,958.74","2,034.66","1,920.63","1,970.73",91.8 ,140.55,,1.6,,1991年3月,,,,,,,,,,
1991年2月,"23,270.63","26,709.80","22,859.65","26,409.22","1,708.34","1,982.73","1,687.65","1,960.32",91.3 ,131.95,,1.7,,1991年2月,,,,,,,,,,
1991年1月,"23,827.48","24,109.89","22,099.52","23,293.14","1,732.44","1,749.05","1,625.00","1,710.93",91.6 ,131.4,,1.6,,1991年1月,,,,,,,,,,
1990年12月,,,,,,,,,91.0 ,135.4,,2.3,,1990年12月,,,,,,,,,,
1990年11月,,,,,,,,,91.1 ,132.75,,2.2,,1990年11月,,,,,,,,,,
1990年10月,,,,,,,,,91.2 ,129.35,,1.8,,1990年10月,,,,,,,,,,
1990年9月,,,,,,,,,90.2 ,137.95,,1.1,,1990年9月,,,,,,,,,,
1990年8月,,,,,,,,,89.5 ,144.5,,0.6,,1990年8月,,,,,,,,,,
1990年7月,,,,,,,,,89.2 ,147.5,,0.5,,1990年7月,,,,,,,,,,
1990年6月,,,,,,,,,89.4 ,152.85,,0.5,,1990年6月,,,,,,,,,,
1990年5月,,,,,,,,,89.7 ,151.75,,0.6,,1990年5月,,,,,,,,,,
1990年4月,,,,,,,,,89.3 ,159.08,,0.7,,1990年4月,,,,,,,,,,
1990年3月,,,,,,,,,88.5 ,157.65,,2.5,,1990年3月,,,,,,,,,,
1990年2月,,,,,,,,,88.2 ,148.52,,2.5,,1990年2月,,,,,,,,,,
1990年1月,,,,,,,,,88.1 ,144.4,,2.6,,1990年1月,,,,,,,,,,
1989年12月,,,,,,,,,87.7 ,143.4,,2.5,,1989年12月,,,,,,,,,,
1989年11月,,,,,,,,,87.6 ,142.9,,2.5,,1989年11月,,,,,,,,,,
1989年10月,,,,,,,,,88.5 ,142.15,,2.6,,1989年10月,,,,,,,,,,
1989年9月,,,,,,,,,87.9 ,139.35,,2.7,,1989年9月,,,,,,,,,,
1989年8月,,,,,,,,,87.1 ,144.28,,2.8,,1989年8月,,,,,,,,,,
1989年7月,,,,,,,,,87.2 ,138.4,,2.7,,1989年7月,,,,,,,,,,
1989年6月,,,,,,,,,87.4 ,143.95,,2.5,,1989年6月,,,,,,,,,,
1989年5月,,,,,,,,,87.4 ,142.7,,2.5,,1989年5月,,,,,,,,,,
1989年4月,,,,,,,,,86.9 ,132.49,,2.2,,1989年4月,,,,,,,,,,
1989年3月,,,,,,,,,85.4 ,132.55,,0.1,,1989年3月,,,,,,,,,,
1989年2月,,,,,,,,,85.0 ,127.15,,0,,1989年2月,,,,,,,,,,
1989年1月,,,,,,,,,85.3 ,129.13,,-0.4,,1989年1月,,,,,,,,,,
1988年12月,,,,,,,,,85.4 ,125.9,,-1,,1988年12月,,,,,,,,,,
1988年11月,,,,,,,,,85.7 ,121.85,,-1.1,,1988年11月,,,,,,,,,,
1988年10月,,,,,,,,,86.0 ,125,,-1.1,,1988年10月,,,,,,,,,,
1988年9月,,,,,,,,,85.6 ,134.3,,-0.9,,1988年9月,,,,,,,,,,
1988年8月,,,,,,,,,84.9 ,134.97,,-0.8,,1988年8月,,,,,,,,,,
1988年7月,,,,,,,,,84.7 ,132.53,,-0.4,,1988年7月,,,,,,,,,,
1988年6月,,,,,,,,,84.8 ,132.2,,-0.2,,1988年6月,,,,,,,,,,
1988年5月,,,,,,,,,85.0 ,124.8,,-0.2,,1988年5月,,,,,,,,,,
1988年4月,,,,,,,,,84.9 ,124.82,,-0.2,,1988年4月,,,,,,,,,,
1988年3月,,,,,,,,,84.5 ,124.5,,-0.2,,1988年3月,,,,,,,,,,
1988年2月,,,,,,,,,84.2 ,128.12,,-0.1,,1988年2月,,,,,,,,,,
1988年1月,,,,,,,,,84.3 ,127.18,,-0.1,,1988年1月,,,,,,,,,,
1987年12月,,,,,,,,,84.6 ,122,,0,,1987年12月,,,,,,,,,,
1987年11月,,,,,,,,,84.7 ,132.45,,0,,1987年11月,,,,,,,,,,
1987年10月,,,,,,,,,85.1 ,138.55,,-0.2,,1987年10月,,,,,,,,,,
1987年9月,,,,,,,,,85.1 ,146.35,,-1.2,,1987年9月,,,,,,,,,,
1987年8月,,,,,,,,,84.3 ,142.35,,-2.2,,1987年8月,,,,,,,,,,
1987年7月,,,,,,,,,84.3 ,149.25,,-2.9,,1987年7月,,,,,,,,,,
1987年6月,,,,,,,,,84.7 ,146.75,,-3.8,,1987年6月,,,,,,,,,,
1987年5月,,,,,,,,,84.8 ,144.15,,-4.6,,1987年5月,,,,,,,,,,
1987年4月,,,,,,,,,84.7 ,139.65,,-4.8,,1987年4月,,,,,,,,,,
1987年3月,,,,,,,,,83.9 ,145.65,,-5.4,,1987年3月,,,,,,,,,,
1987年2月,,,,,,,,,83.6 ,153.15,,-5.8,,1987年2月,,,,,,,,,,
1987年1月,,,,,,,,,83.6 ,152.3,,-6.1,,1987年1月,,,,,,,,,,
1986年12月,,,,,,,,,83.9 ,160.1,,-5.8,,1986年12月,,,,,,,,,,
1986年11月,,,,,,,,,84.1 ,162.2,,-5.9,,1986年11月,,,,,,,,,,
1986年10月,,,,,,,,,84.5 ,161.45,,-6,,1986年10月,,,,,,,,,,
1986年9月,,,,,,,,,84.4 ,153.63,,-5.6,,1986年9月,,,,,,,,,,
1986年8月,,,,,,,,,84.0 ,156.05,,-5.1,,1986年8月,,,,,,,,,,
1986年7月,,,,,,,,,84.2 ,154.15,,-4.9,,1986年7月,,,,,,,,,,
1986年6月,,,,,,,,,84.4 ,163.95,,-4.5,,1986年6月,,,,,,,,,,
1986年5月,,,,,,,,,84.8 ,172.05,,-4.1,,1986年5月,,,,,,,,,,
1986年4月,,,,,,,,,84.6 ,168.1,,-4.3,,1986年4月,,,,,,,,,,
1986年3月,,,,,,,,,84.3 ,179.65,,-3.6,,1986年3月,,,,,,,,,,
1986年2月,,,,,,,,,84.4 ,180.45,,-3.6,,1986年2月,,,,,,,,,,
1986年1月,,,,,,,,,84.5 ,192.65,,-3.1,,1986年1月,,,,,,,,,,
1985年12月,,,,,,,,,84.2 ,200.6,,-2,,1985年12月,,,,,,,,,,
1985年11月,,,,,,,,,84.1 ,202.05,,-1.8,,1985年11月,,,,,,,,,,
1985年10月,,,,,,,,,84.8 ,211.8,,-1.5,,1985年10月,,,,,,,,,,
1985年9月,,,,,,,,,84.0 ,216,,-1.3,,1985年9月,,,,,,,,,,
1985年8月,,,,,,,,,83.9 ,237.1,,-1,,1985年8月,,,,,,,,,,
1985年7月,,,,,,,,,84.1 ,236.65,,-0.8,,1985年7月,,,,,,,,,,
1985年6月,,,,,,,,,83.9 ,248.95,,-0.6,,1985年6月,,,,,,,,,,
1985年5月,,,,,,,,,83.9 ,251.78,,-0.6,,1985年5月,,,,,,,,,,
1985年4月,,,,,,,,,83.8 ,251.4,,-0.3,,1985年4月,,,,,,,,,,
1985年3月,,,,,,,,,83.2 ,250.7,,-0.3,,1985年3月,,,,,,,,,,
1985年2月,,,,,,,,,82.9 ,259,,0,,1985年2月,,,,,,,,,,
1985年1月,,,,,,,,,83.2 ,254.78,,0.1,,1985年1月,,,,,,,,,,
1984年12月,,,,,,,,,83.0 ,251.58,,0.1,,1984年12月,,,,,,,,,,
1984年11月,,,,,,,,,82.8 ,246.5,,0.3,,1984年11月,,,,,,,,,,
1984年10月,,,,,,,,,83.2 ,245.3,,0.4,,1984年10月,,,,,,,,,,
1984年9月,,,,,,,,,82.7 ,245.4,,0.6,,1984年9月,,,,,,,,,,
1984年8月,,,,,,,,,81.4 ,241.7,,0.7,,1984年8月,,,,,,,,,,
1984年7月,,,,,,,,,82.1 ,245.45,,0.1,,1984年7月,,,,,,,,,,
1984年6月,,,,,,,,,81.9 ,237.45,,0.1,,1984年6月,,,,,,,,,,
1984年5月,,,,,,,,,82.5 ,231.63,,0.2,,1984年5月,,,,,,,,,,
1984年4月,,,,,,,,,81.9 ,226.3,,0.3,,1984年4月,,,,,,,,,,
1984年3月,,,,,,,,,81.7 ,224.75,,-0.4,,1984年3月,,,,,,,,,,
1984年2月,,,,,,,,,81.6 ,233.28,,-0.5,,1984年2月,,,,,,,,,,
1984年1月,,,,,,,,,81.1 ,234.74,,-0.7,,1984年1月,,,,,,,,,,
1983年12月,,,,,,,,,80.8 ,232,,-0.9,,1983年12月,,,,,,,,,,
1983年11月,,,,,,,,,81.1 ,234.2,,-1.2,,1983年11月,,,,,,,,,,
1983年10月,,,,,,,,,81.5 ,233.65,,-1.2,,1983年10月,,,,,,,,,,
1983年9月,,,,,,,,,80.8 ,236.1,,-1.3,,1983年9月,,,,,,,,,,
1983年8月,,,,,,,,,79.9 ,246.75,,-1.3,,1983年8月,,,,,,,,,,
1983年7月,,,,,,,,,80.1 ,241.5,,-0.4,,1983年7月,,,,,,,,,,
1983年6月,,,,,,,,,80.4 ,239.8,,-0.4,,1983年6月,,,,,,,,,,
1983年5月,,,,,,,,,80.9 ,238.6,,-0.6,,1983年5月,,,,,,,,,,
1983年4月,,,,,,,,,80.1 ,237.7,,-1,,1983年4月,,,,,,,,,,
1983年3月,,,,,,,,,79.7 ,239.3,,-0.1,,1983年3月,,,,,,,,,,
1983年2月,,,,,,,,,79.3 ,235.55,,0,,1983年2月,,,,,,,,,,
1983年1月,,,,,,,,,79.6 ,238.4,,0,,1983年1月,,,,,,,,,,
1982年12月,,,,,,,,,79.5 ,235.3,,0,,1982年12月,,,,,,,,,,
1982年11月,,,,,,,,,79.6 ,253.45,,0.2,,1982年11月,,,,,,,,,,
1982年10月,,,,,,,,,80.3 ,277.4,,0.3,,1982年10月,,,,,,,,,,
1982年9月,,,,,,,,,80.1 ,269.4,,0.3,,1982年9月,,,,,,,,,,
1982年8月,,,,,,,,,78.9 ,259.6,,0.4,,1982年8月,,,,,,,,,,
1982年7月,,,,,,,,,78.3 ,256.65,,0.4,,1982年7月,,,,,,,,,,
1982年6月,,,,,,,,,78.8 ,255.55,,0.4,,1982年6月,,,,,,,,,,
1982年5月,,,,,,,,,78.8 ,243.7,,0.5,,1982年5月,,,,,,,,,,
1982年4月,,,,,,,,,78.5 ,236.3,,1.1,,1982年4月,,,,,,,,,,
1982年3月,,,,,,,,,77.9 ,248.3,,1.1,,1982年3月,,,,,,,,,,
1982年2月,,,,,,,,,77.8 ,235.2,,0.9,,1982年2月,,,,,,,,,,
1982年1月,,,,,,,,,77.9 ,228.45,,0.4,,1982年1月,,,,,,,,,,
1981年12月,,,,,,,,,77.9 ,220.25,,0.3,,1981年12月,,,,,,,,,,
1981年11月,,,,,,,,,77.8 ,214.15,,0.2,,1981年11月,,,,,,,,,,
1981年10月,,,,,,,,,77.9 ,233.35,,-0.1,,1981年10月,,,,,,,,,,
1981年9月,,,,,,,,,77.6 ,231.55,,-0.3,,1981年9月,,,,,,,,,,
1981年8月,,,,,,,,,76.5 ,228.75,,-0.5,,1981年8月,,,,,,,,,,
1981年7月,,,,,,,,,76.8 ,239.75,,-0.4,,1981年7月,,,,,,,,,,
1981年6月,,,,,,,,,77.0 ,225.75,,-0.2,,1981年6月,,,,,,,,,,
1981年5月,,,,,,,,,76.9 ,223.5,,0.3,,1981年5月,,,,,,,,,,
1981年4月,,,,,,,,,76.2 ,215,,0.8,,1981年4月,,,,,,,,,,
1981年3月,,,,,,,,,75.6 ,211.4,,3.8,,1981年3月,,,,,,,,,,
1981年2月,,,,,,,,,75.4 ,208.85,,5.7,,1981年2月,,,,,,,,,,
1981年1月,,,,,,,,,75.5 ,205.2,,8.1,,1981年1月,,,,,,,,,,
1980年12月,,,,,,,,,74.7 ,203.6,,10.4,,1980年12月,,,,,,,,,,
1980年11月,,,,,,,,,74.9 ,216.75,,11.8,,1980年11月,,,,,,,,,,
1980年10月,,,,,,,,,74.8 ,211.75,,12.9,,1980年10月,,,,,,,,,,
1980年9月,,,,,,,,,74.6 ,212,,14.4,,1980年9月,,,,,,,,,,
1980年8月,,,,,,,,,73.4 ,219.2,,15.5,,1980年8月,,,,,,,,,,
1980年7月,,,,,,,,,73.6 ,226.85,,16,,1980年7月,,,,,,,,,,
1980年6月,,,,,,,,,73.5 ,218.15,,17.7,,1980年6月,,,,,,,,,,
1980年5月,,,,,,,,,73.2 ,224.4,,18.4,,1980年5月,,,,,,,,,,
1980年4月,,,,,,,,,72.6 ,238.3,,18.5,,1980年4月,,,,,,,,,,
1980年3月,,,,,,,,,71.3 ,249.7,,16.3,,1980年3月,,,,,,,,,,
1980年2月,,,,,,,,,70.9 ,249.8,,15.2,,1980年2月,,,,,,,,,,
1980年1月,,,,,,,,,70.3 ,238.8,,13.8,,1980年1月,,,,,,,,,,
1979年12月,,,,,,,,,69.7 ,238.8,,13.8,,1979年12月,,,,,,,,,,
,,,,,,,,,69.2 ,,,,,1979年11月,,,,,,,,,,
,,,,,,,,,69.5 ,,,,,1979年10月,,,,,,,,,,
,,,,,,,,,68.7 ,,,,,1979年9月,,,,,,,,,,
,,,,,,,,,67.8 ,,,,,1979年8月,,,,,,,,,,
,,,,,,,,,68.5 ,,,,,1979年7月,,,,,,,,,,
,,,,,,,,,67.9 ,,,,,1979年6月,,,,,,,,,,
,,,,,,,,,67.8 ,,,,,1979年5月,,,,,,,,,,
,,,,,,,,,67.2 ,,,,,1979年4月,,,,,,,,,,
,,,,,,,,,66.4 ,,,,,1979年3月,,,,,,,,,,
,,,,,,,,,65.8 ,,,,,1979年2月,,,,,,,,,,
,,,,,,,,,66.0 ,,,,,1979年1月,,,,,,,,,,
,,,,,,,,,65.9 ,,,,,1978年12月,,,,,,,,,,
,,,,,,,,,66.0 ,,,,,1978年11月,,,,,,,,,,
,,,,,,,,,66.6 ,,,,,1978年10月,,,,,,,,,,
,,,,,,,,,66.5 ,,,,,1978年9月,,,,,,,,,,
,,,,,,,,,65.8 ,,,,,1978年8月,,,,,,,,,,
,,,,,,,,,65.6 ,,,,,1978年7月,,,,,,,,,,
,,,,,,,,,65.4 ,,,,,1978年6月,,,,,,,,,,
,,,,,,,,,65.7 ,,,,,1978年5月,,,,,,,,,,
,,,,,,,,,65.3 ,,,,,1978年4月,,,,,,,,,,
,,,,,,,,,64.6 ,,,,,1978年3月,,,,,,,,,,
,,,,,,,,,64.1 ,,,,,1978年2月,,,,,,,,,,
,,,,,,,,,63.7 ,,,,,1978年1月,,,,,,,,,,
,,,,,,,,,63.5 ,,,,,1977年12月,,,,,,,,,,
,,,,,,,,,63.6 ,,,,,1977年11月,,,,,,,,,,
,,,,,,,,,64.3 ,,,,,1977年10月,,,,,,,,,,
,,,,,,,,,63.9 ,,,,,1977年9月,,,,,,,,,,
,,,,,,,,,62.9 ,,,,,1977年8月,,,,,,,,,,
,,,,,,,,,62.8 ,,,,,1977年7月,,,,,,,,,,
,,,,,,,,,63.0 ,,,,,1977年6月,,,,,,,,,,
,,,,,,,,,63.2 ,,,,,1977年5月,,,,,,,,,,
,,,,,,,,,62.6 ,,,,,1977年4月,,,,,,,,,,
,,,,,,,,,61.6 ,,,,,1977年3月,,,,,,,,,,
,,,,,,,,,61.3 ,,,,,1977年2月,,,,,,,,,,
,,,,,,,,,60.9 ,,,,,1977年1月,,,,,,,,,,
,,,,,,,,,60.4 ,,,,,1976年12月,,,,,,,,,,
,,,,,,,,,59.7 ,,,,,1976年11月,,,,,,,,,,
,,,,,,,,,59.7 ,,,,,1976年10月,,,,,,,,,,
,,,,,,,,,59.4 ,,,,,1976年9月,,,,,,,,,,
,,,,,,,,,57.9 ,,,,,1976年8月,,,,,,,,,,
,,,,,,,,,58.3 ,,,,,1976年7月,,,,,,,,,,
,,,,,,,,,57.9 ,,,,,1976年6月,,,,,,,,,,
,,,,,,,,,57.8 ,,,,,1976年5月,,,,,,,,,,
,,,,,,,,,57.6 ,,,,,1976年4月,,,,,,,,,,
,,,,,,,,,56.3 ,,,,,1976年3月,,,,,,,,,,
,,,,,,,,,56.1 ,,,,,1976年2月,,,,,,,,,,
,,,,,,,,,55.7 ,,,,,1976年1月,,,,,,,,,,
,,,,,,,,,54.7 ,,,,,1975年12月,,,,,,,,,,
,,,,,,,,,54.7 ,,,,,1975年11月,,,,,,,,,,
,,,,,,,,,54.9 ,,,,,1975年10月,,,,,,,,,,
,,,,,,,,,54.1 ,,,,,1975年9月,,,,,,,,,,
,,,,,,,,,52.9 ,,,,,1975年8月,,,,,,,,,,
,,,,,,,,,53.1 ,,,,,1975年7月,,,,,,,,,,
,,,,,,,,,52.9 ,,,,,1975年6月,,,,,,,,,,
,,,,,,,,,52.9 ,,,,,1975年5月,,,,,,,,,,
,,,,,,,,,52.6 ,,,,,1975年4月,,,,,,,,,,
,,,,,,,,,51.7 ,,,,,1975年3月,,,,,,,,,,
,,,,,,,,,51.3 ,,,,,1975年2月,,,,,,,,,,
,,,,,,,,,51.2 ,,,,,1975年1月,,,,,,,,,,
,,,,,,,,,50.6 ,,,,,1974年12月,,,,,,,,,,
,,,,,,,,,50.5 ,,,,,1974年11月,,,,,,,,,,
,,,,,,,,,50.1 ,,,,,1974年10月,,,,,,,,,,
,,,,,,,,,49.0 ,,,,,1974年9月,,,,,,,,,,
,,,,,,,,,48.3 ,,,,,1974年8月,,,,,,,,,,
,,,,,,,,,47.8 ,,,,,1974年7月,,,,,,,,,,
,,,,,,,,,46.9 ,,,,,1974年6月,,,,,,,,,,
,,,,,,,,,46.6 ,,,,,1974年5月,,,,,,,,,,
,,,,,,,,,46.4 ,,,,,1974年4月,,,,,,,,,,
,,,,,,,,,45.3 ,,,,,1974年3月,,,,,,,,,,
,,,,,,,,,45.0 ,,,,,1974年2月,,,,,,,,,,
,,,,,,,,,43.6 ,,,,,1974年1月,,,,,,,,,,
,,,,,,,,,41.8 ,,,,,1973年12月,,,,,,,,,,
,,,,,,,,,40.5 ,,,,,1973年11月,,,,,,,,,,
,,,,,,,,,40.2 ,,,,,1973年10月,,,,,,,,,,
,,,,,,,,,40.0 ,,,,,1973年9月,,,,,,,,,,
,,,,,,,,,38.9 ,,,,,1973年8月,,,,,,,,,,
,,,,,,,,,38.6 ,,,,,1973年7月,,,,,,,,,,
,,,,,,,,,38.3 ,,,,,1973年6月,,,,,,,,,,
,,,,,,,,,38.2 ,,,,,1973年5月,,,,,,,,,,
,,,,,,,,,37.6 ,,,,,1973年4月,,,,,,,,,,
,,,,,,,,,36.9 ,,,,,1973年3月,,,,,,,,,,
,,,,,,,,,36.0 ,,,,,1973年2月,,,,,,,,,,
,,,,,,,,,35.7 ,,,,,1973年1月,,,,,,,,,,
,,,,,,,,,35.4 ,,,,,1972年12月,,,,,,,,,,
,,,,,,,,,35.1 ,,,,,1972年11月,,,,,,,,,,
,,,,,,,,,35.2 ,,,,,1972年10月,,,,,,,,,,
,,,,,,,,,35.0 ,,,,,1972年9月,,,,,,,,,,
,,,,,,,,,34.8 ,,,,,1972年8月,,,,,,,,,,
,,,,,,,,,34.5 ,,,,,1972年7月,,,,,,,,,,
,,,,,,,,,34.5 ,,,,,1972年6月,,,,,,,,,,
,,,,,,,,,34.5 ,,,,,1972年5月,,,,,,,,,,
,,,,,,,,,34.4 ,,,,,1972年4月,,,,,,,,,,
,,,,,,,,,34.0 ,,,,,1972年3月,,,,,,,,,,
,,,,,,,,,33.7 ,,,,,1972年2月,,,,,,,,,,
,,,,,,,,,33.5 ,,,,,1972年1月,,,,,,,,,,
,,,,,,,,,33.5 ,,,,,1971年12月,,,,,,,,,,
,,,,,,,,,33.5 ,,,,,1971年11月,,,,,,,,,,
,,,,,,,,,33.8 ,,,,,1971年10月,,,,,,,,,,
,,,,,,,,,33.7 ,,,,,1971年9月,,,,,,,,,,
,,,,,,,,,32.9 ,,,,,1971年8月,,,,,,,,,,
,,,,,,,,,32.9 ,,,,,1971年7月,,,,,,,,,,
,,,,,,,,,32.9 ,,,,,1971年6月,,,,,,,,,,
,,,,,,,,,32.8 ,,,,,1971年5月,,,,,,,,,,
,,,,,,,,,32.7 ,,,,,1971年4月,,,,,,,,,,
,,,,,,,,,32.3 ,,,,,1971年3月,,,,,,,,,,
,,,,,,,,,32.2 ,,,,,1971年2月,,,,,,,,,,
,,,,,,,,,32.2 ,,,,,1971年1月,,,,,,,,,,
,,,,,,,,,31.9 ,,,,,1970年12月,,,,,,,,,,
,,,,,,,,,31.7 ,,,,,1970年11月,,,,,,,,,,
,,,,,,,,,31.7 ,,,,,1970年10月,,,,,,,,,,
,,,,,,,,,31.2 ,,,,,1970年9月,,,,,,,,,,
,,,,,,,,,30.7 ,,,,,1970年8月,,,,,,,,,,
,,,,,,,,,30.8 ,,,,,1970年7月,,,,,,,,,,
,,,,,,,,,30.8 ,,,,,1970年6月,,,,,,,,,,
,,,,,,,,,30.8 ,,,,,1970年5月,,,,,,,,,,
,,,,,,,,,30.9 ,,,,,1970年4月,,,,,,,,,,
,,,,,,,,,30.6 ,,,,,1970年3月,,,,,,,,,,
,,,,,,,,,30.3 ,,,,,1970年2月,,,,,,,,,,
,,,,,,,,,30.3 ,,,,,1970年1月,,,,,,,,,,
,,,,,,,,,,,,,,,,,,,,,,,,
,,,,,,,,,,,,,,,,,,,,,,,,
,,,,,,,,,,,,,,,,,,,,,,,,
,,,,,,,,,,,,,,,,,,,,,,,,
